/*
 Navicat Premium Data Transfer

 Source Server         : MYSQL_SRV_DEV
 Source Server Type    : MySQL
 Source Server Version : 50552
 Source Host           : localhost:3306
 Source Schema         : xlpfk_solo

 Target Server Type    : MySQL
 Target Server Version : 50552
 File Encoding         : 65001

 Date: 03/10/2019 22:02:41
*/

SET NAMES utf8mb4;
SET FOREIGN_KEY_CHECKS = 0;

-- ----------------------------
-- Table structure for masteralat
-- ----------------------------
DROP TABLE IF EXISTS `masteralat`;
CREATE TABLE `masteralat`  (
  `id` int(11) NOT NULL AUTO_INCREMENT,
  `kode_alat` varchar(55) CHARACTER SET latin1 COLLATE latin1_swedish_ci NULL DEFAULT NULL,
  `nama_alat` varchar(255) CHARACTER SET latin1 COLLATE latin1_swedish_ci NULL DEFAULT NULL,
  `merk` varchar(55) CHARACTER SET latin1 COLLATE latin1_swedish_ci NULL DEFAULT NULL,
  `model` varchar(55) CHARACTER SET latin1 COLLATE latin1_swedish_ci NULL DEFAULT NULL,
  `no_seri` varchar(55) CHARACTER SET latin1 COLLATE latin1_swedish_ci NULL DEFAULT NULL,
  `tgl_masuk` date NULL DEFAULT NULL,
  `jumlah` int(11) NULL DEFAULT NULL,
  `BNN` varchar(55) CHARACTER SET latin1 COLLATE latin1_swedish_ci NULL DEFAULT NULL,
  `comment` varchar(255) CHARACTER SET latin1 COLLATE latin1_swedish_ci NULL DEFAULT NULL,
  `tglpasif` datetime NULL DEFAULT NULL,
  `maintain` bit(1) NULL DEFAULT b'0',
  PRIMARY KEY (`id`) USING BTREE
) ENGINE = InnoDB AUTO_INCREMENT = 4 CHARACTER SET = latin1 COLLATE = latin1_swedish_ci ROW_FORMAT = Compact;

-- ----------------------------
-- Records of masteralat
-- ----------------------------
INSERT INTO `masteralat` VALUES (1, 'AL001', 'Mesin1', 'Merek1', 'Model1', '1', '2019-08-29', 2, NULL, 'test 2', NULL, b'0');
INSERT INTO `masteralat` VALUES (2, 'AL002', 'alat 2', 'aat', 'mdl', '123', '2019-12-31', 4, NULL, 'solo', NULL, b'0');
INSERT INTO `masteralat` VALUES (3, 'AL003', 'ALAT 3', 'MEK', 'MOD', '123', '2019-12-31', 5, NULL, 'TEST', NULL, b'0');

-- ----------------------------
-- Table structure for masterfasyankes
-- ----------------------------
DROP TABLE IF EXISTS `masterfasyankes`;
CREATE TABLE `masterfasyankes`  (
  `id` int(11) NOT NULL AUTO_INCREMENT,
  `kodefasyankes` varchar(50) CHARACTER SET latin1 COLLATE latin1_swedish_ci NULL DEFAULT NULL,
  `namafasyankes` varchar(75) CHARACTER SET latin1 COLLATE latin1_swedish_ci NULL DEFAULT NULL,
  `alamat` varchar(255) CHARACTER SET latin1 COLLATE latin1_swedish_ci NULL DEFAULT NULL,
  `nomertlf` varchar(15) CHARACTER SET latin1 COLLATE latin1_swedish_ci NULL DEFAULT NULL,
  `email` varchar(35) CHARACTER SET latin1 COLLATE latin1_swedish_ci NULL DEFAULT NULL,
  `penanggungjawab` varchar(50) CHARACTER SET latin1 COLLATE latin1_swedish_ci NULL DEFAULT NULL,
  `tglbergabung` date NULL DEFAULT NULL,
  `tglpasif` datetime NULL DEFAULT NULL,
  `keterangan` varchar(255) CHARACTER SET latin1 COLLATE latin1_swedish_ci NULL DEFAULT NULL,
  PRIMARY KEY (`id`) USING BTREE
) ENGINE = InnoDB AUTO_INCREMENT = 3 CHARACTER SET = latin1 COLLATE = latin1_swedish_ci ROW_FORMAT = Compact;

-- ----------------------------
-- Records of masterfasyankes
-- ----------------------------
INSERT INTO `masterfasyankes` VALUES (1, 'FY001', 'Hermina', 'solo', '0123', 'prasetyoajiw@gmail.com', 'aji', '2019-12-31', NULL, 'test 2');
INSERT INTO `masterfasyankes` VALUES (2, 'FY02', 'Jebres', 'solo', '081325058258', 'prasetyoajiw@gmail.com', 'paw', '2018-11-30', '2019-08-29 19:21:10', 'asd');

-- ----------------------------
-- Table structure for masterlabolatorium
-- ----------------------------
DROP TABLE IF EXISTS `masterlabolatorium`;
CREATE TABLE `masterlabolatorium`  (
  `id` int(11) NOT NULL AUTO_INCREMENT,
  `kodelab` varchar(15) CHARACTER SET latin1 COLLATE latin1_swedish_ci NULL DEFAULT NULL,
  `namalab` varchar(50) CHARACTER SET latin1 COLLATE latin1_swedish_ci NULL DEFAULT NULL,
  `tglmasuk` date NULL DEFAULT NULL,
  `comment` varchar(255) CHARACTER SET latin1 COLLATE latin1_swedish_ci NULL DEFAULT NULL,
  `tglpasif` datetime NULL DEFAULT NULL,
  PRIMARY KEY (`id`) USING BTREE
) ENGINE = InnoDB AUTO_INCREMENT = 2 CHARACTER SET = latin1 COLLATE = latin1_swedish_ci ROW_FORMAT = Compact;

-- ----------------------------
-- Records of masterlabolatorium
-- ----------------------------
INSERT INTO `masterlabolatorium` VALUES (1, 'LAP01', 'parahita', '2019-11-30', 'Solo', NULL);

-- ----------------------------
-- Table structure for mastervendor
-- ----------------------------
DROP TABLE IF EXISTS `mastervendor`;
CREATE TABLE `mastervendor`  (
  `id` int(11) NOT NULL AUTO_INCREMENT,
  `kodevendor` varchar(255) CHARACTER SET latin1 COLLATE latin1_swedish_ci NULL DEFAULT NULL,
  `namavendor` varchar(255) CHARACTER SET latin1 COLLATE latin1_swedish_ci NULL DEFAULT NULL,
  `alamat` varchar(255) CHARACTER SET latin1 COLLATE latin1_swedish_ci NULL DEFAULT NULL,
  `tlp` varchar(255) CHARACTER SET latin1 COLLATE latin1_swedish_ci NULL DEFAULT NULL,
  `tglmasuk` date NULL DEFAULT NULL,
  PRIMARY KEY (`id`) USING BTREE
) ENGINE = InnoDB AUTO_INCREMENT = 2 CHARACTER SET = latin1 COLLATE = latin1_swedish_ci ROW_FORMAT = Compact;

-- ----------------------------
-- Records of mastervendor
-- ----------------------------
INSERT INTO `mastervendor` VALUES (1, 'VD-001', 'Prasetyo Aji Wibowo', 'Solo 1', '081325058258', '2019-09-23');

-- ----------------------------
-- Table structure for pegawai
-- ----------------------------
DROP TABLE IF EXISTS `pegawai`;
CREATE TABLE `pegawai`  (
  `id` int(11) NOT NULL AUTO_INCREMENT,
  `nik` varchar(255) CHARACTER SET latin1 COLLATE latin1_swedish_ci NULL DEFAULT NULL,
  `nama` varchar(255) CHARACTER SET latin1 COLLATE latin1_swedish_ci NULL DEFAULT NULL,
  `jeniskelamin` varchar(255) CHARACTER SET latin1 COLLATE latin1_swedish_ci NULL DEFAULT NULL,
  `alamat` varchar(255) CHARACTER SET latin1 COLLATE latin1_swedish_ci NULL DEFAULT NULL,
  `notlp` varchar(255) CHARACTER SET latin1 COLLATE latin1_swedish_ci NULL DEFAULT NULL,
  `divisi` varchar(255) CHARACTER SET latin1 COLLATE latin1_swedish_ci NULL DEFAULT NULL,
  `jabatan` varchar(255) CHARACTER SET latin1 COLLATE latin1_swedish_ci NULL DEFAULT NULL,
  `tgljoin` date NULL DEFAULT NULL,
  `tglresign` date NULL DEFAULT NULL,
  `createdon` datetime NULL DEFAULT NULL,
  `createdby` int(255) NULL DEFAULT NULL,
  `image` longtext CHARACTER SET latin1 COLLATE latin1_swedish_ci NULL,
  PRIMARY KEY (`id`) USING BTREE
) ENGINE = InnoDB AUTO_INCREMENT = 2 CHARACTER SET = latin1 COLLATE = latin1_swedish_ci ROW_FORMAT = Compact;

-- ----------------------------
-- Records of pegawai
-- ----------------------------
INSERT INTO `pegawai` VALUES (1, '123456', 'Prasetyo Aji Wibowo', 'L', 'Solo', '081325058258', 'IT', 'MNG', '2019-10-03', '0000-00-00', '2019-10-03 15:21:14', 37, 'data:image/jpeg;base64,/9j/4AAQSkZJRgABAQAAAQABAAD/4QAYRXhpZgAASUkqAAgAAAAAAAAAAAAAAP/hAytodHRwOi8vbnMuYWRvYmUuY29tL3hhcC8xLjAvADw/eHBhY2tldCBiZWdpbj0i77u/IiBpZD0iVzVNME1wQ2VoaUh6cmVTek5UY3prYzlkIj8+IDx4OnhtcG1ldGEgeG1sbnM6eD0iYWRvYmU6bnM6bWV0YS8iIHg6eG1wdGs9IkFkb2JlIFhNUCBDb3JlIDUuMy1jMDExIDY2LjE0NTY2MSwgMjAxMi8wMi8wNi0xNDo1NjoyNyAgICAgICAgIj4gPHJkZjpSREYgeG1sbnM6cmRmPSJodHRwOi8vd3d3LnczLm9yZy8xOTk5LzAyLzIyLXJkZi1zeW50YXgtbnMjIj4gPHJkZjpEZXNjcmlwdGlvbiByZGY6YWJvdXQ9IiIgeG1sbnM6eG1wPSJodHRwOi8vbnMuYWRvYmUuY29tL3hhcC8xLjAvIiB4bWxuczp4bXBNTT0iaHR0cDovL25zLmFkb2JlLmNvbS94YXAvMS4wL21tLyIgeG1sbnM6c3RSZWY9Imh0dHA6Ly9ucy5hZG9iZS5jb20veGFwLzEuMC9zVHlwZS9SZXNvdXJjZVJlZiMiIHhtcDpDcmVhdG9yVG9vbD0iQWRvYmUgUGhvdG9zaG9wIENTNiAoV2luZG93cykiIHhtcE1NOkluc3RhbmNlSUQ9InhtcC5paWQ6Nzg4QTJBMjVEMDI1MTFFN0EwQUVDODc5QjYyQkFCMUQiIHhtcE1NOkRvY3VtZW50SUQ9InhtcC5kaWQ6Nzg4QTJBMjZEMDI1MTFFN0EwQUVDODc5QjYyQkFCMUQiPiA8eG1wTU06RGVyaXZlZEZyb20gc3RSZWY6aW5zdGFuY2VJRD0ieG1wLmlpZDo3ODhBMkEyM0QwMjUxMUU3QTBBRUM4NzlCNjJCQUIxRCIgc3RSZWY6ZG9jdW1lbnRJRD0ieG1wLmRpZDo3ODhBMkEyNEQwMjUxMUU3QTBBRUM4NzlCNjJCQUIxRCIvPiA8L3JkZjpEZXNjcmlwdGlvbj4gPC9yZGY6UkRGPiA8L3g6eG1wbWV0YT4gPD94cGFja2V0IGVuZD0iciI/Pv/bAEMAAwICAgICAwICAgMDAwMEBgQEBAQECAYGBQYJCAoKCQgJCQoMDwwKCw4LCQkNEQ0ODxAQERAKDBITEhATDxAQEP/bAEMBAwMDBAMECAQECBALCQsQEBAQEBAQEBAQEBAQEBAQEBAQEBAQEBAQEBAQEBAQEBAQEBAQEBAQEBAQEBAQEBAQEP/AABEIA4QDhAMBEQACEQEDEQH/xAAdAAEBAQABBQEAAAAAAAAAAAAABQYIAQIEBwkD/8QAYhAAAQIDAggJBwQNCgUDAgUFAAECAwQFBhEHFURkgqLB4RITFCExQVFhkQgiNVJjcYEWVZPRCRcjJDIzNEJUVpSh0hhDYnJzdJKxsrM2N1N1lVfC0yW0OEaDo/BFR4Xj8f/EABwBAQEBAAIDAQAAAAAAAAAAAAABAgQGAwUHCP/EADcRAQABAQUFBAoBBAMBAAAAAAABAgMEBRGREhZRUtETFVNUBgcUFyExQYHS8KEyQnHBImGx4f/aAAwDAQACEQMRAD8A+qYACRXsn0tgEgABrgAEivZPpbAJAADXAAJFeyfS2ASAAGuAASK9k+lsAkAANcAAkV7J9LYBIAAa4ABIr2T6WwCQAA1wACRXsn0tgEgABrgAEivZPpbAJAADXAAJFeyfS2ASAAGuAASK9k+lsAkAANcAAkV7J9LYBIAAa4ABIr2T6WwCQAA1wACRXsn0tgEgABrgAEivZPpbAJAADXAAJFeyfS2ASAAGuAASK9k+lsAkAANcAAkV7J9LYBIAAa4ABIr2T6WwCQAA1wACRXsn0tgEgABrgAEivZPpbAJAADXAAJFeyfS2ASAAGuAASK9k+lsAkAANcAAAAAEivZPpbAJAADXAAJFeyfS2ASAAGuAASK9k+lsAkAANcAAkV7J9LYBIAAa4ABIr2T6WwCQAA1wACRXsn0tgEgABrgAEivZPpbAJAADXAAJFeyfS2ASAAGuAASK9k+lsAkAANcAAkV7J9LYBIAAa4ABIr2T6WwCQAA1wACRXsn0tgEgABrgAEivZPpbAJAADXAAJFeyfS2ASAAGuAASK9k+lsAkAANcAAkV7J9LYBIAAa4ABIr2T6WwCQAA1wACRXsn0tgEgABrgAEivZPpbAJAADXAAJFeyfS2ASAAGuAASK9k+lsAkAANcAAkV7J9LYBIAAa4AAAkY+zPX3AMfZnr7gHpv2PE6XCv8OwBiHPNTeAxDnmpvAY+zPX3AMfZnr7gHpv2PE6XCv8OwBiHPNTeAxDnmpvAY+zPX3AMfZnr7gHpv2PE6XCv8OwBiHPNTeAxDnmpvAY+zPX3AMfZnr7gHpv2PE6XCv8OwBiHPNTeAxDnmpvAY+zPX3AMfZnr7gHpv2PE6XCv8OwBiHPNTeAxDnmpvAY+zPX3AMfZnr7gHpv2PE6XCv8OwBiHPNTeAxDnmpvAY+zPX3AMfZnr7gHpv2PE6XCv8OwBiHPNTeAxDnmpvAY+zPX3AMfZnr7gHpv2PE6XCv8OwBiHPNTeAxDnmpvAY+zPX3AMfZnr7gHpv2PE6XCv8OwBiHPNTeAxDnmpvAY+zPX3AMfZnr7gHpv2PE6XCv8OwBiHPNTeAxDnmpvAY+zPX3AMfZnr7gHpv2PE6XCv8OwD8ZimyconCm6tBgp2xFRv+bgMrWcIWCqzzlZW8KNnZJzelsaehNXw4YGYqHli4BKarkjW4konB/R2xY3+higQZny8cAsBbodTn5jvhyUVP9TUAlT3l34CZzg8ZErzOLvu4EgjuFf73J2AePD8t/AI/8KetCz+tTE2RAPNl/LP8nuO5EiWnqsBF64lKiKif4VUDUSHlnYAahckO2kvCVeqPBjQrvi6GiAaqleUJgmrbmspdubPzD3dDG1KHwvBecDVS1Sp1p0RZOfl1SHzpxcVsTh3+5U7APJxDnmpvAYhzzU3gMfZnr7gGPsz19wD037HidLhX+HYAxDnmpvAYhzzU3gMfZnr7gGPsz19wD037HidLhX+HYAxDnmpvAYhzzU3gMfZnr7gGPsz19wD037HidLhX+HYAxDnmpvAYhzzU3gMfZnr7gGPsz19wD037HidLhX+HYAxDnmpvAYhzzU3gMfZnr7gGPsz19wD037HidLhX+HYAxDnmpvAYhzzU3gMfZnr7gGPsz19wD037HidLhX+HYAxDnmpvAYhzzU3gMfZnr7gGPsz19wD037HidLhX+HYAxDnmpvAYhzzU3gMfZnr7gGPsz19wD037HidLhX+HYAxDnmpvAYhzzU3gMfZnr7gGPsz19wD037HidLhX+HYAxDnmpvAYhzzU3gMfZnr7gGPsz19wDH2Z6+4CQAAr0HKNHaBXAAZEABXoOUaO0CuAAyIACvQco0doFcABkQAFeg5Ro7QK4ADIgAK9ByjR2gVwAGRAAV6DlGjtArgAMiAAr0HKNHaBXAAZEABXoOUaO0CuAAyIACvQco0doFcABkQAFeg5Ro7QK4Em0FrLMWTlHT1prQU+ly7EvWJNzDYSXaSgcbLYeWpgXsy58vS52etBMM5rpCB9zv8A7R6tRU70vA9L2o8v62E46JCsjY2m06Et6NiTcR0xETv5uC39ygera55VmHmu8a2Jb6ckocb8OHIsbAaqdnmpf+8D1zVrWWorznOrdo6pPq5b15TNxIn+pVAlAAAAAAAAAPOptdrdGfxlIrM9Iu6eFLTD4S6qoB7Fs15UGHiyqMZTcI9UiQofRCm3pMM8HooHt6yn2RLCfTFZCtZZmjVqEn4b4aOloq+5W3tT/CB7Tsj5c2CSurDgWhlapZ+M65FdGhJGgov9dnP8VagHu2zFvrFWzgNmbK2pptTY79HmGucnvbfengBtqDlGjtArgAMiAAr0HKNHaBXAAZEABXoOUaO0CuAAyIACvQco0doFcABkQAFeg5Ro7QK4ADIgAK9ByjR2gVwAGRAAV6DlGjtArgAMiAAr0HKNHaBXAAZEABXoOUaO0CuAAyIAAAAAV6DlGjtArgAMiAAr0HKNHaBXAAZEABXoOUaO0CuAAyIACvQco0doFcABkQAFeg5Ro7QK4ADIgAK9ByjR2gVwAGRAAV6DlGjtArgAMiAAr0HKNHaBXAAZEABXoOUaO0CuAAyIH5zM1LSUB81OTEOBBhpwnxIj0a1qdqqvMgHp62Xlo4HcHTZuVkZ+NaSopcjZemoiw0cl/wCFFXzU+F69wHGbCN5eGGK2KxZSzL5Wysi+9GpJpxkxd3xXc9/9VGgcfq3aOv2lnHT9oa1O1KYcqqsSajuiO5/6y8wE4AAAAAADo6QOivYnS9viB04yH67fEDuTn6OcDqB0AAAAADyJGoT9MmGzlNnY8rHZ+DFgxFY9Pcqc4Hu3Bt5ZeGnB49sCNWIVoJDmR0vVG8Y65OpIiXPTxVAOV2DTy9sE9r+KkbYwZmyk++5FdMfdZVV7orUvan9Zqe8DkbR63R7QyEOqUKqStQlIqXsjy0VsRjvigGfAAV6DlGjtArgAMiAAr0HKNHaBXAAZEABXoOUaO0CuAAyIACvQco0doFcABkQAFeg5Ro7QK4ADIgAK9ByjR2gVwAGRAAV6DlGjtArgAMiAAr0HKNHaBXAAZEAAA1wACRXsn0tgEgABrgAEivZPpbAJAADXAAJFeyfS2ASAAGuAASK9k+lsAkAANcAAkV7J9LYBIAAa4ABIr2T6WwCQAA1wACRXsn0tgEgABrgAEivZPpbAJAADXAAJFeyfS2ASAPHqFRkKVJxahU52BKS0FvCiRo0RGManaqrzIB6GwweX1YiyvH0jBlJfKWpMVWcriXw5KGvai/hRPhcneBwywmYe8KmFmYe62FqpmLKqqqyRgLxMsxOxIbeZfet6gevQAAAqoiXqvMgHgTddpEj+UT0JF9Vq8Jf3ASJm3lMh3pLS8aMvUqpwU/fzgS49vqg+9JeTgw0/pKrl2AeBGtfXo2WcBP6DEQDw4lbq8a/jKlMOv/pqB47pybfzumoy6agdqxoy9MaJ/iUDpx0b/rP/AMSgd7ZuaZztmYqe56gftDrFVhfi6jMN9z1A8yDayvQeifc7+u1Hf5gefAt7VGXJHl4EVPcrVApy1vpF9yTUnFhL2tVHJsArylpKLOqiQZ5iOX81/mr+8Ci1zXpwmORyL1ot6AdQAADT2IwmW6wdTyT9jrSzlOffe6Gx98KJ3OYvmuT3oBzGwQfZCadOrBo+GGjJJRVualVp7FdCXviQudW+9t6dyAcvLNWqs3bKlQq3ZatydUkYyIrI0tFR7fct3QvcvOB217J9LYBIAAa4ABIr2T6WwCQAA1wACRXsn0tgEgABrgAEivZPpbAJAADXAAJFeyfS2ASAAGuAASK9k+lsAkAANcAAkV7J9LYBIAAa4ABIr2T6WwCQAA1wAAAAASK9k+lsAkAANcAAkV7J9LYBIAAa4ABIr2T6WwCQAA1wACRXsn0tgEgABrgAEivZPpbAJAADXAAJFeyfS2ASAAGuAASK9k+lsAkAANcAAkV7J9LYBIAAa4ABHr6oiS6qtyJwtgHHHDJ5XVgcGnH0egvZaKvMvbxEvETiID/aRE5vg29fcBwjwm4bMIeFiedM2rrkR0si3wpCAqw5aEnYjEXnXvW9e8DBgAAE6oWgpVNRUmJtqvT8xnnO/cBmp+30d97KdKNhp68TnXwTmAgTlZqk+q8qnYrk9VFuTwQDwgAAAAAAAAAAAAAAAHkylSn5F3ClZuLD7kdzeAF6Rt5PwVRs9AZHb1ub5rvqA0tOtRR6jc1sykKIv5kXzV8egCsioqXooAABqsH+FC3eC+rsrViLRTVNjtVFexjr4UVPVfDXzXJ70A5qYKPLnsvbhslQsJctCs/Vk8zlrFXkcdy3XdPPDVbuu9O8DkfAjwJqCyZlozI0KK1HMiQ3I5rmr0KipzKgHeBrgAEivZPpbAJAADXAAJFeyfS2ASAAGuAASK9k+lsAkAANcAAkV7J9LYBIAAa4ABIr2T6WwCQAA1wACRXsn0tgEgABrgAEivZPpbAJAADXAAAEjH2Z6+4Bj7M9fcA9N+x4nS4V/h2AMQ55qbwGIc81N4DH2Z6+4Bj7M9fcA9N+x4nS4V/h2AMQ55qbwGIc81N4DH2Z6+4Bj7M9fcA9N+x4nS4V/h2AMQ55qbwGIc81N4DH2Z6+4Bj7M9fcA9N+x4nS4V/h2AMQ55qbwGIc81N4DH2Z6+4Bj7M9fcA9N+x4nS4V/h2AMQ55qbwGIc81N4DH2Z6+4Bj7M9fcA9N+x4nS4V/h2AMQ55qbwGIc81N4DH2Z6+4Bj7M9fcA9N+x4nS4V/h2AMQ55qbwGIc81N4DH2Z6+4Bj7M9fcA9N+x4nS4V/h2AMQ55qbwGIc81N4DH2Z6+4DP23wt2TwdUSLaC187Ap8pDReDw4nnxXeqxt17ndyAcBsPvlmW0wpRY1Cshx1nbOpwmXQ33TU01enjHp+C1bvwW/FVA45Kqqqqq3qvOqqB0AARKra2l02+Gx/KIyfmQ15k96gZGp2rq1RvYkXiIS/mQ+a9O9elQIyqqreq3qoAAAAAAAAAAAAAAAAAAAAAAClTbRVWlqiQJlXQ0/m387dwGupVtafO3QpxOSxV61W9ir7+oDQtc17UexyOavOiot6KB1AAe38DHlM2+wRTEKRZNPq1A4ScZTZl6qjG386wndLF7uhetAPoTgjwo2Aw0UVKpZC0LVmIbUWap8ZqNmZZV6nNv50/pJegG/x9mevuAY+zPX3APTfseJ0uFf4dgDEOeam8BiHPNTeAx9mevuAY+zPX3APTfseJ0uFf4dgDEOeam8BiHPNTeAx9mevuAY+zPX3APTfseJ0uFf4dgDEOeam8BiHPNTeAx9mevuAY+zPX3APTfseJ0uFf4dgDEOeam8BiHPNTeAx9mevuAY+zPX3APTfseJ0uFf4dgDEOeam8BiHPNTeAx9mevuAY+zPX3APTfseJ0uFf4dgDEOeam8BiHPNTeAx9mevuAY+zPX3APTfseJ0uFf4dgDEOeam8BiHPNTeAx9mevuAY+zPX3AMfZnr7gJAACvQco0doFcABkQAFeg5Ro7QK4ADIgAK9ByjR2gVwAGRAAV6DlGjtArgAMiAAr0HKNHaBXAAZEABXoOUaO0CuAAyIACvQco0doFcABkQAFeg5Ro7QK4ADjhh18pOyOBqSfIsfDqto4rL4FOhv/F3pzPjKn4Le7pUD584Q8JlscKNdiV+2FWiTUZVVIUJPNgwGerDZ0NT969YGWAATataCnUdt0xF4UW7mhM53L9QGIq9qqlVVdDR/EQF/m2L0p3r1gRgAAAAAAAAAAAAAAAAAAAAAAAAAAAUqVaCpUhycnjK6F1wn87V+oDbUe1VOqt0JzuIjr+Y9eZfcoFoABXspa60lh65LWjspWJmm1GVdwoceA+5fcqdDkXrReZQOd/k++VrQcJDJey9t3wKTaW5GQ3qvBl5139BV/Bevqr8AORQFeg5Ro7QK4ADIgAK9ByjR2gVwAGRAAV6DlGjtArgAMiAAr0HKNHaBXAAZEABXoOUaO0CuAAyIACvQco0doFcABkQAFeg5Ro7QK4ADIgAAAABXoOUaO0CuAAyIACvQco0doFcABkQAFeg5Ro7QK4ADIgAK9ByjR2gVwAGRAAV6DlGjtArgAMiAAr0HKNHaBXAAZEABXoOUaO0CuAAyIACvQco0doFcDif5UHlmSFg0m7B4MJmDPWhuWFNVBqo+DIL0K1vU+Ing3rvXmA+fVQqM/Vp6PUqnORpqbmXrEjRor1c97l6VVV6QPGA7YkSHBY6LFe1jGperlW5EAx9ctsq8KWo/MnQsZU/0ptAyMSJEivWJFe57nLeqqt6qB2gAAAAAAAAAAAAAAAAAAAAAAAAAAAAACKqLei3KBpaHbOZk+DL1HhR4PQj/wA9v1gbiUm5aegNmJWM2JDd0KigfqB3Me6G5HscrXNW9FRblRQOXvk2+V++S5JYTCvPK+B5sGSrMRb1h9SMjr1p/T8e0DnLZuNCmIUWPAiNiQ4jWOY9q3o5FvuVF60AtAAMiAAr0HKNHaBXAAZEABXoOUaO0CuAAyIACvQco0doFcABkQAFeg5Ro7QK4ADIgAK9ByjR2gVwAGRAAV6DlGjtArgAMiAAAa4ABIr2T6WwCQAA1wACRXsn0tgEgABrgAEivZPpbAJAADXAAJFeyfS2ASAAGuAASK9k+lsAkAANcAAkV7J9LYBIAAa4ABIr2T6WwCQAA1wACPX1REl1VbkThbAOFXlReVhyJZvBzgwqF8x50GpVWC78X1OhQV7epXJ0dCdoHC9znPcr3uVznLeqqt6qoHQDxKnVJOky6zE3EuT81qdLl7EA9e1u0U7WYite5Ycui+bCReb49qgSgAAAAAAAAAAAAAAAAAAAAAAAAAAAAAAAAAAebSqxO0iPxsrE81fwmL+C5O8D2HRa9J1qFwoK8CK1PPhKvOnu7UApAAOTvkzeVfP2GdJ2BwhTsSZs2juLk5t97n09VVOZetYXd+b1c3MBzulZqWnpaFOSUxDjwI7EiQosNyOa9qpeioqdKKB+oGuAASK9k+lsAkAANcAAkV7J9LYBIAAa4ABIr2T6WwCQAA1wACRXsn0tgEgABrgAEivZPpbAJAADXAAJFeyfS2ASAAGuAAAAACRXsn0tgEgABrgAEivZPpbAJAADXAAJFeyfS2ASAAGuAASK9k+lsAkAANcAAkV7J9LYBIAAa4ABIr2T6WwCQAA1wACRXsn0tgEgABrgAHCXyyvKphyz4+CvBtUr5liOhVepQH/i7+ZYENyfnc3nOTo6E577g4OKqqt6reqgdAJlcr8rRYF7/PjOTzIaLzr3r2IB65qNSm6pMOmZuIrnL0J1NTsQDxgAAAAAAAAAAAAAAAAAAAAAAAAAAAAAAAAAAAAH6S0zHlIzZiWiuhxGLejkA9g2ctPBq7Ulpjgw5pqdHU/vT6gLoADkv5K/lNxrAzkCwNuZ10Szky/gyszEVVWQeq9Cr/01Xp9Xp6LwOe0GNBmILJiXitiQojUex7Fva5q9CovWgGxAASK9k+lsAkAANcAAkV7J9LYBIAAa4ABIr2T6WwCQAA1wACRXsn0tgEgABrgAEivZPpbAJAADXAAJFeyfS2ASAAGuAAAJGPsz19wDH2Z6+4B6b9jxOlwr/DsAYhzzU3gMQ55qbwGPsz19wDH2Z6+4B6b9jxOlwr/DsAYhzzU3gMQ55qbwGPsz19wDH2Z6+4B6b9jxOlwr/DsAYhzzU3gMQ55qbwGPsz19wDH2Z6+4B6b9jxOlwr/DsAYhzzU3gMQ55qbwGPsz19wDH2Z6+4B6b9jxOlwr/DsAYhzzU3gMQ55qbwGPsz19wDH2Z6+4B6b9jxOlwr/DsAYhzzU3gMQ55qbwGPsz19wDH2Z6+4B6b9jxOlwr/DsAYhzzU3gMQ55qbwGPsz19wHGDyvfKqWxVLj4N7Dx0h2inofBnZqG+9ZCC5OhFu5ojk6OxOfsA+fL3ue5XvcrnOW9VVb1Ve0DtAk2gtBAosvclz5h6fc2bV7gPXE3NzE7HfMzMRXxHreqqB+QAAAAAAAAAAAAAAAAAAAAAAAAAAAAAAAAAAAAAAA6w4j4T2xIb1a5q3oqLcqKBv7MWnbU2JJzjkbNNTmXqiJ9YGiAAcv8AyN/KNZJzUrgkt/VlhScZyQqNPRlvSE9V5oD1VeZq/mr1LzdgHOjH2Z6+4Bj7M9fcA9N+x4nS4V/h2AMQ55qbwGIc81N4DH2Z6+4Bj7M9fcA9N+x4nS4V/h2AMQ55qbwGIc81N4DH2Z6+4Bj7M9fcA9N+x4nS4V/h2AMQ55qbwGIc81N4DH2Z6+4Bj7M9fcA9N+x4nS4V/h2AMQ55qbwGIc81N4DH2Z6+4Bj7M9fcA9N+x4nS4V/h2AMQ55qbwGIc81N4DH2Z6+4Bj7M9fcA9N+x4nS4V/h2AMQ55qbwGIc81N4DH2Z6+4Bj7M9fcAx9mevuAkAAK9ByjR2gVwAGRAAV6DlGjtArgAMiAAr0HKNHaBXAAZEABXoOUaO0CuAAyIACvQco0doFcABkQAFeg5Ro7QK4ADIgAK9ByjR2gVwAHHXyjsOdPwM2Qc+WiQ4toam10Omy68/BXoWM5PVb+9bkA+atTqc/WqjM1aqzcSZnJuK6NHjRHXue9y3qqqB4oEyvVuBRZRYrrnRn80JnavavcB62m5uYnph81MxFfEet6qoH4gAAAAAAAAAAAAAAAAAAAAAAAAAAAAAAAAAAAAAAAAA6w4j4T2xIbla5q3oqLzooHsOy9o21aDyaZciTUNOf+mnagF4Dq1zmOR7HK1zVvRUW5UUDn/wCSN5QjMINEZYG1c7faOlwroEWI7nnZdvX3vanMvanP2gckAK9ByjR2gVwAGRAAV6DlGjtArgAMiAAr0HKNHaBXAAZEABXoOUaO0CuAAyIACvQco0doFcABkQAFeg5Ro7QK4ADIgAAAABXoOUaO0CuAAyIACvQco0doFcABkQAFeg5Ro7QK4ADIgAK9ByjR2gVwAGRAAV6DlGjtArgAMiAAr0HKNHaBXAAZEABXoOUaO0CuBn7e23oODmyVStlaSaSDI02CsV/P50R35rG9rnLciJ3gfI7ClhHreFW2k/a+uRHcKYfwZeBfe2Xgp+BDb3Init6gZIDxanUZelyb5yYXmanMnW5epEA9Y1KpTNUm3zcy69Xfgp1NTsQDxQAAAAAAAAAAAAAAAAAAAAAAAAAAAAAAAAAAAAAAAAAAAH6S8xGlIzJiXiKyIxb2qgHsugVuFWpNIqXNjM5orOxe33KBTApWctDV7KVyStHQpx8rP0+M2PAisW5WuRf3ovQqdigfUDAnhZpOGGw0paaRcyHOMRIFQlkXngTCJ5ye5elO5QPatByjR2gVwAGRAAV6DlGjtArgAMiAAr0HKNHaBXAAZEABXoOUaO0CuAAyIACvQco0doFcABkQAFeg5Ro7QK4ADIgAAGuAASK9k+lsAkAANcAAkV7J9LYBIAAa4ABIr2T6WwCQAA1wACRXsn0tgEgABrgAEivZPpbAJAADXAAJFeyfS2ASAAGuAASK9k+lsAkAfP7yx8N628tX8g7PznCoVBiq2M5jvNmptOZzu9redqd96gccAOkR7ITHRIjka1qXqq9CIB61tJXH1mcXgKqS8JVSG3t7194EgAAAAAAAAAAAAAAAAAAAAAAAAAAAAAAAAAAAAAAAAAAAAAAeZSapHpE6ybgLeicz29Tm9aAe0JKcgT8tDm5d3ChxEvTu7gP2A9weTDhwm8CeEWXqEzHiLQKorZWrQEXm4tV5oqJ6zFW/3Xp1gfUGpTkrUJSRn5GOyPLzEPjYUVi3texyNVFRexUUCcAA1wACRXsn0tgEgABrgAEivZPpbAJAADXAAJFeyfS2ASAAGuAASK9k+lsAkAANcAAkV7J9LYBIAAa4AAAAAJFeyfS2ASAAGuAASK9k+lsAkAANcAAkV7J9LYBIAAa4ABIr2T6WwCQAA1wACRXsn0tgEgABrgAEivZPpbAJAADXAAJFeyfS2Ace/KuwxpgswexJGlTKMr1fR0rJXL50Jl33SN8EW5O9UA+brnOe5XvcrnOW9VVb1VQOgGPttXFT/wCjyz++MqfuaBjQAAAAAAAAAAAAAAAAAAAAAAAAAAAAAAAAAAAAAAAAAAAAAAAAaOx9c5BNcgmH3S8deZV6GP3gb8ABzt8iXDbEtLZz7U9oZtXz9Da6NTHxHc8WUVUvh96sXVVOwDlGAA1wACRXsn0tgEgABrgAEivZPpbAJAADXAAJFeyfS2ASAAGuAASK9k+lsAkAANcAAkV7J9LYBIAAa4AAAkY+zPX3AMfZnr7gHpv2PE6XCv8ADsAYhzzU3gMQ55qbwGPsz19wDH2Z6+4B6b9jxOlwr/DsAYhzzU3gMQ55qbwGPsz19wDH2Z6+4B6b9jxOlwr/AA7AGIc81N4DEOeam8Bj7M9fcAx9mevuAem/Y8TpcK/w7AGIc81N4DEOeam8Bj7M9fcAx9mevuAem/Y8TpcK/wAOwBiHPNTeAxDnmpvAY+zPX3AMfZnr7gHpv2PE6XCv8OwBiHPNTeAxDnmpvAY+zPX3AMfZnr7gPxnJyWmpOPPzsZspLyMN0WLEct6cBEvVV6OhGgfKTD7hSmcLWEio2i45606C9ZWmw16GSzFXgrd2u53L7wPXIE+u1VlIp8SaW5Xr5sNva5QPV8WLEjxXRorlc96q5yr1qB2gAAAAAAAAAAAAAAAAAAAAAAAAAAAAAAAAAAAAAAAAAAAAAAAAdHOgHsayVZxpIcTGdfMS9zXdrk6lAuAXrC2xq1gbW0y11FiqyapsdsVEv5nt/OYvaipei+8D61WDqlJwg2PpNsqJUUfJ1WWZMMTg3qxVTzmLz9KLei+4C/iHPNTeAx9mevuAY+zPX3APTfseJ0uFf4dgDEOeam8BiHPNTeAx9mevuAY+zPX3APTfseJ0uFf4dgDEOeam8BiHPNTeAx9mevuAY+zPX3APTfseJ0uFf4dgDEOeam8BiHPNTeAx9mevuAY+zPX3APTfseJ0uFf4dgDEOeam8BiHPNTeAx9mevuAY+zPX3APTfseJ0uFf4dgDEOeam8BiHPNTeAx9mevuAY+zPX3AMfZnr7gJAACvQco0doFcABkQAFeg5Ro7QK4ADIgAK9ByjR2gVwAGRAAV6DlGjtArgAMiAAr0HKNHaBXAAZEABXoOUaO0CuAAyIADjv5aWF59iMHTrB0mZWHVLVrxcVWrc6HJNVeMXTVUb7uEB89wAHrm1tXxnUVhQnXwJe9jbuhV61AhgAAAAAAAAAAAAAAAAAAAAAAAAAAAAAAAAAAAAAAAAAAAAAAAAAAPPolTiUmow5pqrwL+DETtavSB7RhxGRYbYsNyOa9Ecip1ooHcBzZ+x64X1hzFQwOViZXgReFUKRwl6HJ+OhJ7089E7ndoHOUDIgAK9ByjR2gVwAGRAAV6DlGjtArgAMiAAr0HKNHaBXAAZEABXoOUaO0CuAAyIACvQco0doFcABkQAAAAAr0HKNHaBXAAZEABXoOUaO0CuAAyIACvQco0doFcABkQAFeg5Ro7QK4ADIgAK9ByjR2gVwAGRAAV6DlGjtArgAMiB2xIjIMN0WK5GsY1XOcvQiJ0qB8uvKEwkxMKOFKr2ghRVfIQYiycgl/MkCGqoip/WW93xA9bASLU1XFdLesN10aN9zh/HpXwA9adPOoAAAAAAAAAAAAAAAAAAAAAAAAAAAAAAAAAAAAAAAAAAAAAAAAAAAAA3lh6rymSdTorr4kvzs72L9QGmAv2BtjUsH9sqPbKkvVszSZuHMNRF/DRF85q9ypenxA+xNk7S022NmaZamjxmxZOqysOaguRb/Ne1Fu+HQBHAAV6DlGjtArgAMiAAr0HKNHaBXAAZEABXoOUaO0CuAAyIACvQco0doFcABkQAFeg5Ro7QK4ADIgAAGuAASK9k+lsAkAANcAAkV7J9LYBIAAa4ABIr2T6WwCQAA1wACRXsn0tgEgABrgAEivZPpbAJAADXAAJFeyfS2ASAAGuA9H+WJhMXBvgUqnIpji6nXlxVJqi3ObxiLxj09zEdz9qtA+WIAD11bCp8vqroMN18KW+5t7161//nYBCAAAAAAAAAAAAAAAAAAAAAAAAAAAAAAAAAAAAAAAAAAAAAAAAAAAAAHn0OoupdTgzd68FF4L07Wr0ge0mua9qPat6OS9F7UA6gc8PISwh48sNULAzsfhTVAjcdLI5edZWKt9yf1X8L/EgHM4ABIr2T6WwCQAA1wACRXsn0tgEgABrgAEivZPpbAJAADXAAJFeyfS2ASAAGuAASK9k+lsAkAANcAAAAAEivZPpbAJAADXAAJFeyfS2ASAAGuAASK9k+lsAkAANcAAkV7J9LYBIAAa4ABIr2T6WwCQAA1wACRXsn0tgEgABrgPnP8AZAcIi2kwoydiZSY4UnZmVRIjUXm5TFuc/wCKN4CAcWQPCrU+lNpkebv85rbm/wBZeZAPVbnK5yuct6qt6r3gdAAAAAAAAAAAAAAAAAAAAAAAAAAAAAAAAAAAAAAAAAAAAAAAAAAAAAAA9j2QqHLqOxj3XxJdeLd7ur9wFsD2v5MFvXWAwx0SdjR+LkqjExdN8/MrIvMir7ncFQPrOAAkV7J9LYBIAAa4ABIr2T6WwCQAA1wACRXsn0tgEgABrgAEivZPpbAJAADXAAJFeyfS2ASAAGuAAAJGPsz19wDH2Z6+4B6b9jxOlwr/AA7AGIc81N4DEOeam8Bj7M9fcAx9mevuAem/Y8TpcK/w7AGIc81N4DEOeam8Bj7M9fcAx9mevuAem/Y8TpcK/wAOwBiHPNTeAxDnmpvAY+zPX3AMfZnr7gHpv2PE6XCv8OwBiHPNTeAxDnmpvAY+zPX3AMfZnr7gHpv2PE6XCv8ADsAYhzzU3gMQ55qbwGPsz19wDH2Z6+4B6b9jxOlwr/DsAYhzzU3gMQ55qbwPEq1sJaj0ucq05LpDgSUCJMRXK/ma1jVcq9HYgHx/tzamcttbGs2tn3OWNVp2LNKjlvVqOcqtb8EuT4AQwMdb6f5penMX2r/8k2gY4AAAAAAAAAAAAAAAAAAAAAAAAAAAAAAAAAAAAAAAAAAAAAAAAAAAAAAAGisPP8mqqyrneZMt4OknOm0D2AB3wosSBFZHgvVkSG5Hsci3K1UW9FQD644G8JzbeYMLOWp5Oj4s5Iw0jqj+ZIzE4EROj1muA2ePsz19wD037HidLhX+HYAxDnmpvAYhzzU3gMfZnr7gGPsz19wD037HidLhX+HYAxDnmpvAYhzzU3gMfZnr7gGPsz19wD037HidLhX+HYAxDnmpvAYhzzU3gMfZnr7gGPsz19wD037HidLhX+HYAxDnmpvAYhzzU3gMfZnr7gGPsz19wD037HidLhX+HYAxDnmpvAYhzzU3gMfZnr7gGPsz19wDH2Z6+4CQAAr0HKNHaBXAAZEABXoOUaO0CuAAyIACvQco0doFcABkQAFeg5Ro7QK4ADIgAK9ByjR2gVwAGRAAV6DlGjtArgAONXld2vWyeA+ssgxeBMVl0OmQrl57oi3v1GvT4gfNYAB6utFO8vrEzGRb2o/gN9ycwE4AAAAAAAAAAAAAAAAAAAAAAAAAAAAAAAAAAAAAAAAAAAAAAAAAAAAAAAH6ykw6UmoUyxblhPRyfBQPbcGK2NCZGYvmvajk+IHcBzs8ge161GwlasdHi3xKPOpMwWqvPxUZOdE7kc1V0gOUgFeg5Ro7QK4ADIgAK9ByjR2gVwAGRAAV6DlGjtArgAMiAAr0HKNHaBXAAZEABXoOUaO0CuAAyIAAAAAV6DlGjtArgAMiAAr0HKNHaBXAAZEABXoOUaO0CuAAyIACvQco0doFcABkQAFeg5Ro7QK4ADIgAK9ByjR2gVwAHAT7IHahXTVlrHQn8zGRqhFRF61VGNv8HeIHDwDxapNJJU6YmlX8XDcqe+7mA9Tqqqqqq3qvOoAAAAAAAAAAAAAAAAAAAAAAAAAAAAAAAAAAAAAAAAAAAAAAAAAAAAAAAAAD2TZKb5XQ4F63uhXwl+HR+64CyByG8h+1C0PDHieJERsGuSEWWVFXpe257f8ASoH0KAr0HKNHaBXAAZEABXoOUaO0CuAAyIACvQco0doFcABkQAFeg5Ro7QK4ADIgAK9ByjR2gVwAGRAAANcAAkV7J9LYBIAAa4ABIr2T6WwCQAA1wACRXsn0tgEgABrgAEivZPpbAJAADXAAJFeyfS2ASAAGuAASK9k+lsAkAAPnR5bdpVtD5QVbl2v4UOkQYFPal/MitYjnXfF/7gPQwGetxM8TRuJReePEa34Jz7EA9fAAAAAAAAAAAAAAAAAAAAAAAAAAAAAAAAAAAAAAAAAAAAAAAAAAAAAAAAAANlg/mb2zcmq9CtiIn7l2AbADbYFLRuslhaslaBr+AkrVpfhu7GOejHarlA+w7XI5qOat6Kl6KBJr2T6WwCQAA1wACRXsn0tgEgABrgAEivZPpbAJAADXAAJFeyfS2ASAAGuAASK9k+lsAkAANcAAAAAEivZPpbAJAADXAAJFeyfS2ASAAGuAASK9k+lsAkAANcAAkV7J9LYBIAAa4ABIr2T6WwCQAA1wACRXsn0tgEgDo5yMarl6ES8D5N4V6660uE21VeV/CSdq81EYv9DjXI3VRAMoBi8IExfGlJVF/Ba56/FbtgGRAAAAAAAAAAAAAAAAAAAAAAAAAAAAAAAAAAAAAAAAAAAAAAAAAAAAAAAAAAX7Ex+KrbYd9yRYbm7dgHsMDvhRHwYrI0JytexyOaqdKKnQoH2dsHWmWksRQLQQ1RW1GmS00l39OG120D969k+lsAkAANcAAkV7J9LYBIAAa4ABIr2T6WwCQAA1wACRXsn0tgEgABrgAEivZPpbAJAADXAAAEjH2Z6+4Bj7M9fcA9N+x4nS4V/h2AMQ55qbwGIc81N4DH2Z6+4Bj7M9fcA9N+x4nS4V/h2AMQ55qbwGIc81N4DH2Z6+4Bj7M9fcA9N+x4nS4V/h2AMQ55qbwGIc81N4DH2Z6+4Bj7M9fcA9N+x4nS4V/h2AMQ55qbwGIc81N4DH2Z6+4Bj7M9fcA9N+x4nS4V/h2AMQ55qbwGIc81N4DH2Z6+4Bj7M9fcA9N+x4nS4V/h2AMQ55qbwJFsJZKFZOtVpZ25JCnzEz+B6kNzu3uA+OUV7okV8Ryqqucqqq9aqB2AevLbxuMrjmdUOG1u0CAAAAAAAAAAAAAAAAAAAAAAAAAAAAAAAAAAAAAAAAAAAAAAAAAAAAAAAAAAA8+gRuIrUnE6kioi+5QPaYAD6peS3a5algCsbEdA4xYEispwuH/wBKI6GnV2NQD2r6b9jxOlwr/DsAYhzzU3gMQ55qbwGPsz19wDH2Z6+4B6b9jxOlwr/DsAYhzzU3gMQ55qbwGPsz19wDH2Z6+4B6b9jxOlwr/DsAYhzzU3gMQ55qbwGPsz19wDH2Z6+4B6b9jxOlwr/DsAYhzzU3gMQ55qbwGPsz19wDH2Z6+4B6b9jxOlwr/DsAYhzzU3gMQ55qbwGPsz19wDH2Z6+4Bj7M9fcBIAAV6DlGjtArgAMiAAr0HKNHaBXAAZEABXoOUaO0CuAAyIACvQco0doFcABkQAFeg5Ro7QK4ADIgAK9ByjR2gVwPXXlE1FaVgNtxNo65VoszBv8A7RvA/wDcB8hgAHrC08Tja9OL2ROCnwQCYAAAeDVqxIUWWWZn4yMToa1Odzl7EQkzk1TRNc5QxE3hBrVRj8moVP4PC5mojFiRF+CHiqtdmM5+Dm2NyqtKtmmJqnhDq1uFaOnGMkqiiLm7W/uVDjzfLKP74e1p9Hr7VGcWFWjrybCx+hVH6Jv1D22y54b3cv8A4FRybCx+hVH6Jv1E9tseeDdy/wDgVOvJsLH6FUfom/UPbbHng3bv/l6jk2Fj9CqP0TfqHt1jzwbt3/y9RybCx+hVH6Jv1D26x54XdrEPL1HJcLK5DUfom/UPbrHng3axDy9RyTCz+g1H6Jv1E9vseeDdrEPL1HJMLX6DUfom/UPb7Hng3axDy9WjryTC1+g1L6Jv1D2+w54XdnEPL1aHJMLX6DUvom/UO8LDng3ZxHy9RyTC1+g1L6Jv1E7wsOeDdnEfL1aHI8Lf6BUvoW/UO8bvzwbsYj5erQ5Hhb/QKl9C36id43fng3YxHy9WhyLC3+gVL6Fv1DvG7+JC7r4j5erR15Fhc/QKl9E36h3ld/Eg3XxLy9WhyLC5+gVL6Jv1DvK7+JBuviXl6tDkOFz5vqX0LfqHeV28SF3WxLy1WhyHC5831L6Fv1E7zu3iQbrYl5arQ5Dhc+b6l9C36h3ndvEg3VxPy1WjryDC7831L6Jv1DvO7eJBuriflqtDkGF35vqX0TfqHel28SDdXE/LVaGL8LvzdUvoW/UTvS6+JC7q4n5arQxfhe+bqn9C36h3pdfEg3UxPy1Whi7C983VL6Jo70uviQbqYp5arQxfhe+bqn9C36h3rdfEhd1MU8tVoYuwvfN1T+hb9Q71uviQbp4p5arR1xbhf+ban9C36id7XTxIN08U8tVoYtwv/NtT+hb9Q72uniQbp4p5arQxbhf+ban9C36h3tdPFhd0sU8tVoYtwwfNtT+hb9Q72uniwbpYr5arQxZhg+bKn9C36id7XTxYXdHFfK1aGLMMHzZU/oW/UO97p4sG6OK+Vq0dcWYYfmyp/QtHe9z8WDdHFfK1aGK8MPzZU/oWk74ufiwbo4r5WrQxXhh+bKn9C0d8XPxYN0cW8rVoYrww/NlT+haO+bn4sLuhi3latDFWGL5rqn0LfqHfNy8WDdDFvK1aGKsMXzXVPoW/UO+bl4sG5+LeVq0dr5PC9KpxsSlVRWp0/eyO/ciFpxe51TlFrGrFp6J4rZxnVda9Jn/x2SWEOqSMfktep9/BW59zFhxG+9FPYUW0VxnE5w9DbXKqyqmiqJpmPpLb02qSVWlkm5COkSGvT2tXsVOpTyxObhVUzTOUvLKyAAP1lHrDmoMRF/BiNX94Ht1F4SI7tS8AB9FfIln1ncBcpB4V/I6jNQPdzo//AN4HJKg5Ro7QK4ADIgAK9ByjR2gVwAGRAAV6DlGjtArgAMiAAr0HKNHaBXAAZEABXoOUaO0CuAAyIAAAAAV6DlGjtArgAMiAAr0HKNHaBXAAZEABXoOUaO0CuAAyIACvQco0doFcABkQAFeg5Ro7QK4ADIgAK9ByjR2gVwPTflfzSynk5Wzc1bnRJaBDTSmISL+68D5SgdQPVFZdw6rNu7Yzv8wPDAAePPzsCnScaemXXQ4LVcvf3CZyWmNqcoevqFRathMtE98aI6FKQueK/qhM6mt71OBerzFhTtT8/o7XgOCV4pbdnT8KY/qn9+r3hQrNUWzkqkrSZGHCREuc+697+9XdKnXrW2rtpzrl9fuGG3bDqOzu9OX/AH9Z/wAyrJ0HHlz4DMq6qpGncFDLQSWodydBlr6OqLzmVdxJWAy0Xr2mZah3J0EV1MtO5OgzKwEadb17TMtQ6p0EV1I0GVh1TpDTuMNQ7k6CSoRp1MysOrSS06mWodW9JmVdxFh1TpMNw6klQjUBFdUVb+ky072mZV16yLDqZlRFDbuMy0Eah1TpMqhWqsPZy2Em6WrEhDdEuuhzDERIsNe1HbOg5tyxK8YfVtWNXw4fSXpcY9H7hjllNne6Iz+lUf1R/if9fJx1rNIreCe1XJI7liysXzmPTmbHhX9Pc5D6dheJ2eI2MWtHwn6xwl+cfSb0ctsBvc3W2+MT8aauMdeLfy0xCm5eHNQHcKHFaj2r2op7d1CYynKX6hAAi8FUd2c4Ht+AvCgQndrGr+4DvA58+QTMrEwT1WUv5oNaiOTShQ/4QOV1ByjR2gVwAGRAAV6DlGjtArgAMiAAr0HKNHaBXAAZEABXoOUaO0CuAAyIACvQco0doFcABkQAADXAAJFeyfS2ASAAGuAASK9k+lsAkAANcAAkV7J9LYBIAAa4ABIr2T6WwCQAA1wACRXsn0tgEgABrgAEivZPpbAJAHpjywHqzAFaFEX8J8sn/wC8wD5rAdU6QPUlRW+oTS+2f/qUDxwAGMwmTroNNl5Ji3coiK53ejd6oYr+TkXanOqZewcF9GhUeyEm5GIkWcbymKvWqu6PBLkOsX20m0tp/wCvg+4ejNzpumHUT9av+U/f5fw1hxHYYd6dBhYDMq6r1EadwUMtBJWHcnQZb+jqnSZV3ElYDLQZlYdydBGnUy07k6DMrARoMy1DuToIrqGgwsOrekNO4y1DuToMyoRoMysO5pJadTLUOrekzKu4hDq3pMNw6kloI1AFdU6TDTvb0mZHXrI1DqZlROkNu4ktBlYdU6TLTuJI9dYdaBBq1iI1R4tFmKW9sdjuvgqqNcngqL8DsHozepsL7Fn9K/h/uHRPWLhlF9waq3y/5WUxMf4n4TH+/s9aYOZ10zQnS71vWWiqxPcvOh9Qon4PzTeIyrzas28AB0XoA9uyS3ycBfZt/wAgP2A+gv2ON6rg5tNDv/BqzFu98JPqA5RV7J9LYBIAAa4ABIr2T6WwCQAA1wACRXsn0tgEgABrgAEivZPpbAJAADXAAJFeyfS2ASAAGuAAAAACRXsn0tgEgABrgAEivZPpbAJAADXAAJFeyfS2ASAAGuAASK9k+lsAkAANcAAkV7J9LYBIAAa4ABIr2T6WwCQB6Y8sBivwBWhVE/BfLL/+80D5rAdU6QPUlRS6oTSe2f8A6lA8cABgsKUJysp8b81FiNX3rd9R47Ryrt9Ye3rGTMObspSo8JUVFlYac3UqJcqeKHVLzTs2tUTxffMHtItcPsaqeWP/ABZPC9nDvToMLAZlXVeojTuChloJKw7k6DLf0dU6TKu4krAZaDMrDuToI06mWncnQZlYCNBmWodydBFdQ0GFh1b0hp3GWodydBmVCNBmVh3NJLTqZah1b0mZV3EIdW9JhuHUktBGoArqnSYad7ekzI69ZGodTMqJ0ht3EloMrDqnSZadxJGRwszcKTwe1qJFVER8Dim96uciJ/me0wKibTELKI456Os+mltTYYFeKqvrTlrMQ9KYMITm02ciqnM6MiJ8Gn1yj5Pytef6obQ24wB0XoA9uyKXScBPZt/yA/YD6C/Y42KmDm00S78KrMTwhJ9YHKKvZPpbAJAADXAAJFeyfS2ASAAGuAASK9k+lsAkAANcAAkV7J9LYBIAAa4ABIr2T6WwCQAA1wAABIx9mevuAY+zPX3APTfseJ0uFf4dgDEOeam8BiHPNTeAx9mevuAY+zPX3APTfseJ0uFf4dgDEOeam8BiHPNTeAx9mevuAY+zPX3APTfseJ0uFf4dgDEOeam8BiHPNTeAx9mevuAY+zPX3APTfseJ0uFf4dgDEOeam8BiHPNTeAx9mevuAY+zPX3APTfseJ0uFf4dgDEOeam8BiHPNTeAx9mevuAY+zPX3APTfseJ0uFf4dgDEOeam8D1B5W1n1XyebYRGzHDWDLwIqN4PZMQ7+vsvA+W4HUD1RWW8CqzbeyM7/MDwwAEO2NIdWKJFhQm8KNB+6w07VTpT4peZqjOHlsq9irN2YG7YwYUN1k6jFSG9HK+UVy3X3/hM99/OnxPRYjd5me1p+76l6HYxRFPsFtOX1p/3HR7ZPUvoUO9OgwsBmVdV6iNO4KGWgkrDuToMt/R1TpMq7iSsBloMysO5OgjTqZadydBmVgI0GZah3J0EV1DQYWHVvSGncZah3J0GZUI0GZWHc0ktOplqHVvSZlXcQh1b0mG4dSS0EagCuqdJhp3t6TMjr1kah1MyonSG3cSWgysOqdJlp3Ekeg8PFuoNXmoNjaNF46HLxEfNOYt6Oi9DWJ23X+Kne/RfC6rGmb3axlM/CP8cfu+Jesj0ks73XGF3arOmic65j5Z/SPt9XdZmlYmo0vJOT7pdw4n9ZedTu9MZQ+L2lW3VMqpWAAicJUb28wHt+XTgwITexjU/cB3gfQb7H3MrT8ElXjrL8NI9biJfwrvwYUPu7wOUPpv2PE6XCv8OwBiHPNTeAxDnmpvAY+zPX3AMfZnr7gHpv2PE6XCv8OwBiHPNTeAxDnmpvAY+zPX3AMfZnr7gHpv2PE6XCv8OwBiHPNTeAxDnmpvAY+zPX3AMfZnr7gHpv2PE6XCv8OwBiHPNTeAxDnmpvAY+zPX3AMfZnr7gHpv2PE6XCv8OwBiHPNTeAxDnmpvAY+zPX3AMfZnr7gGPsz19wEgABXoOUaO0CuAAyIACvQco0doFcABkQAFeg5Ro7QK4ADIgAK9ByjR2gVwAGRAAV6DlGjtArgAMiAAr0HKNHaBXA9c+UXTsaYC7cSiJfdRZiNd/Zt4f/tA+Q4AD1haaHxVdnG9sThJ8UAmAAAGHtZYmNFjuq9CTgxr+G+E1bl4XrN7+48ddGbl2F4miYzn5fV+1n8MVcorUp9oZFZ1sPzeGq8CMid9/Mp6q2w6iuc6Jyl33DPTO8XamKLzTtxx+U//AFqWYcrLK1FfIVJq9acWxf8A3HCnC7XjDsFPpvcMvjRVpHV3fbwsn+h1L6Jn8RJwu24w1vth/LVpHV1+3jZP9DqX0bP4id1W3GF33w/lq0jq6/bysn+hVL6Nn8Q7qtuMLvvh/LVpHU+3lZP9CqX0bP4jPdNtxhd+MO5atI6n28rJfodS+iZ/EJwm24wsenOHR/bVpHV1TDnZJMiqX0TP4id0W/GGt+sOy/pr0jq6/b0sl+hVL6Jn8Rnue34x+/Y36w7lr0jq6/b2sl+hVL6Nn8Q7nt+Mfv2XfvDuWvSOp9vayX6FUvomfxGe5rfjH79l38w3lr0jqfb1sj+hVP6Jn8RJwW34x+/ZY9PMNj+2vSOrqmHeyKZFU/omfxDuW8cY/fsu/uG8tekdXX7e9kf0KpfRM/iM9yXjjH79mt/sN5a9I6uqYeLIIn5FU/omfxEnA7xP1j9+xv8AYbH9lekdXX7fFkP0Kp/RM/iJ3HeOMfv2Xf8Aw3kr0jqfb4sh+hVP6Jn8RJwK8cY/fssesDDOSvSOrqmHqyCZFU/omfxDuK8cY/fsvvAwzkr0jq6/b6sf+hVP6Jn8RO4rzxj+ejXvBwzkr0jqfb6sf+hVP6Jn8RO4bzxj9+xHrBwzkr0jqJh7semRVP6Jn8RO4bzxj9+y+8LC+SvSOrr9vyx/6FVPomfxE7gvPGNZ6LHrDwvkr0jq7kw+2Ou/Iqn9Ez+Im7964x/PRfeHhfJXpHU+37Y79Cqf0TP4ibv3rjH89F94mF8lekdT7ftjv0Kp/RM/iJu9euMaz0WPWLhfJXpHV1TD9Y5Miqn0TP4iT6O3rjGs9F942F8lekfk6/b/ALG/oVU+iZ/ETdy9cadZ6LHrGwrkr0jqJh/samQ1T6Jn8RJ9HL1xp1novvGwrkr0jq6/ygbG/oNU+iZ/ETdu9cadZ6L7x8K5K9I/J1TygbGJkNU+iZ/ETdq981Os9Fj1kYVyV6R1df5QVjP0GqfRM/iJPo1e+anWei+8nCuSvSOp/KCsZ+g1T6Jn8RN2b3zU6z0X3k4VyV6R1P5QVjP0GqfRM/iJuzfONOs9F95WE8lekfkfyg7GfoNV+iZ/ETdi+cadZ6Ne8vCeSvSPydyeULYtMgqv0TP4ibr3zmp1noe8vCeSvSPydf5Qti/0Cq/RM/iJuvfOanWeix6zMJ5K9I/I/lDWL/Qar9Ez+Mm6185qdZ6L7zMJ5K9I/J1/lDWK/QKr9Ez+IbrXzmp1novvNwjkr0j8nX+UPYv9Aqv0TP4ibq3zmp1no17zsI5K9I/I/lD2L/QKr9Ez+Mm6t95qdZ6L7z8I5K9I/J2RfKJscxirCplVe7qRYbETx4Qj0Tvkz8aqf56M1+tDCoj/AI2dcz/iPyYq1WHC1FqWupNm5F1PgxvNVYaq+O9F6uF+b8PE95h/oxd7tVFdtO3V/GjpeO+se+4jRNjdI7KifnOedU/f6fbV4lkLFOp8RtVq6I6Z6YcNVv4C9q9qnaqaMny62t9v4Q2R5HGAAH6yrOMmoLLvwojU/eB7dROCiN7EuAAfRTyI5BZPAXKxrruWVKaj+/naz/2Ack6DlGjtArgAMiAAr0HKNHaBXAAZEABXoOUaO0CuAAyIACvQco0doFcABkQAFeg5Ro7QK4ADIgAAAABXoOUaO0CuAAyIACvQco0doFcABkQAFeg5Ro7QK4ADIgAK9ByjR2gVwAGRAAV6DlGjtArgAMiAAr0HKNHaBXAjWzpWPbH1yi8G/l9OmZa7t4cNzdoHxciNVkRzHIqK1VRUUDtA9eW2g8XXHP6okNrtgEAAAAAeJPUmm1JLp6Rgxu9zefxJMRLVNU0/KUt1hrMOW9add7ojk2k2Ib7a04unyEsv83r9K76xsQdvacT5CWX+b1+ld9Y2IO3tOJ8hLL/N6/Su+sbEHb2nE+Qll/m9fpXfWNiDt7TifISy/wA3r9K76xsQdvacT5CWX+b1+ld9Y2IO3tOJ8hLL/N6/Su+sbEHb2nE+Qll/m9fpXfWNiDt7TifISy/zev0rvrGxB29pxPkJZf5vX6V31jYg7e04nyEsv83r9K76xsQdvacT5CWX+b1+ld9Y2IO3tOJ8hLL/ADev0rvrGxB29pxPkJZf5vX6V31jYg7e04nyEsv83r9K76xsQdvacT5CWX+b1+ld9Y2IO3tOJ8hLL/N6/Su+sbEHb2nE+Qll/m9fpXfWNiDt7TifISy/zev0rvrGxB29pxPkJZf5vX6V31jYg7e04nyEsv8AN6/Su+sbEHb2nE+Qll/m9fpXfWNiDt7TifISy/zev0rvrGxB29pxPkJZf5vX6V31jYg7e04nyEsv83r9K76xsQdvacT5CWX+b1+ld9Y2IO3tOJ8hLL/N6/Su+sbEHb2nE+Qll/m9fpXfWNiDt7TifISy/wA3r9K76xsQdvacT5CWX+b1+ld9Y2IO3tOJ8hLL/N6/Su+sbEHb2nE+Qll/m9fpXfWNiDt7TifISy/zev0rvrGxB29pxPkJZf5vX6V31jYg7e04nyEsv83r9K76xsQdvacT5CWX+b1+ld9Y2IO3tOJ8hLL/ADev0rvrGxB29pxPkJZf5vX6V31jYg7e04u5thrMMW9Kdf74jlT/ADGxB21pxVJKmU+nN4EjJwoCf0Goir8SxGTxzVNXzeUVAAAA8+gQePrMnD6lioq/AD2mAA+n3kwUpaPgHsjLObwViybple/jYjoiL4OQD3TQco0doFcABkQAFeg5Ro7QK4ADIgAK9ByjR2gVwAGRAAV6DlGjtArgAMiAAr0HKNHaBXAAZEAAA1wACRXsn0tgEgABrgAEivZPpbAJAADXAAJFeyfS2ASAAGuAASK9k+lsAkAANcAAkV7J9LYBIAAa4ABIr2T6WwCQB0c1HtVq9CpcB8mcKlDdZrCXamgqzgpJVeahMT+gkV3B1bgMsBi8IEC6PKTN34TXM8Fv2gZEAAAAAAAAAAAAAAAAAAAAAAAAAAAAAAAAAAAAAAAAAAAAAAAAAAAAAAAAABesTL8dXGxLr0gw3OX/AC2gexAO6HDfFiNhQ2q5z1RrUTpVV6gPs7YCiNs3Yaz9n2IiJTaZLSqXf0ITW7APIr2T6WwCQAA1wACRXsn0tgEgABrgAEivZPpbAJAADXAAJFeyfS2ASAAGuAASK9k+lsAkAANcAAAAAEivZPpbAJAADXAAJFeyfS2ASAAGuAASK9k+lsAkAANcAAkV7J9LYBIAAa4ABIr2T6WwCQAA1wACRXsn0tgEgAB85vLYs18nfKDrsZrODDq8KBUG3JzXuYjXXfFi+IHogDPW5luOoyRkTngREd8F5tqAevgAAAAAAAAAAAAAAAAAAAAAAAAAAAAAAAAAAAAAAAAAAAAAAAAAAAAAAAAAGxwfy3NNzip6sNF/euwDYgbTAxZx9rcLFk7PNZw0m6tLo9vaxr0c7VaoH2Ja1rGoxqXI1LkTuAk17J9LYBIAAa4ABIr2T6WwCQAA1wACRXsn0tgEgABrgAEivZPpbAJAADXAAJFeyfS2ASAAGuAAAJGPsz19wDH2Z6+4B6b9jxOlwr/DsAYhzzU3gMQ55qbwGPsz19wDH2Z6+4B6b9jxOlwr/DsAYhzzU3gMQ55qbwGPsz19wDH2Z6+4B6b9jxOlwr/DsAYhzzU3gMQ55qbwGPsz19wDH2Z6+4B6b9jxOlwr/DsAYhzzU3gMQ55qbwGPsz19wDH2Z6+4B6b9jxOlwr/DsAYhzzU3gMQ55qbwGPsz19wDH2Z6+4B6b9jxOlwr/DsAYhzzU3gMQ55qbwOEX2RGicpqNlbaQpbi0fCjU6Mqc96tVHtVebsVU+AHDUDxatK8tpszLdcSG5E993MB6nVFRVRUuVOkAAAAAAAAAAAAAAAAAAAAAAAAAAAAAAAAAAAAAAAAAAAAAAAAAAAAAAAAAB7JsjKLK0OCrkudGvir8ej91wFkDkV5C1n8Z4a2V2JL8bBoMjGmVToue65jFv8Ae5QPo7j7M9fcA9N+x4nS4V/h2AMQ55qbwGIc81N4DH2Z6+4Bj7M9fcA9N+x4nS4V/h2AMQ55qbwGIc81N4DH2Z6+4Bj7M9fcA9N+x4nS4V/h2AMQ55qbwGIc81N4DH2Z6+4Bj7M9fcA9N+x4nS4V/h2AMQ55qbwGIc81N4DH2Z6+4Bj7M9fcA9N+x4nS4V/h2AMQ55qbwGIc81N4DH2Z6+4Bj7M9fcAx9mevuAkAAK9ByjR2gVwAGRAAV6DlGjtArgAMiAAr0HKNHaBXAAZEABXoOUaO0CuAAyIACvQco0doFcABkQAFeg5Ro7QK4ADjP5X9kVtXgQq8aDC4cxRXw6nDuTn4LFuifDgOcvwA+bIAD1daGS5BWJmAiXNV/Db7l5wJwAAAAAAAAAAAAAAAAAAAAAAAAAAAAAAAAAAAAAAAAAAAAAAAAAAAAAAAP0lYDpqZhSzEvdFejU+Kge24MJsCCyCxPNhtRqfADvA50+QNZBafYmuWyjwrolWnWysBypz8VBTnVO5XPVNEDlOBXoOUaO0CuAAyIACvQco0doFcABkQAFeg5Ro7QK4ADIgAK9ByjR2gVwAGRAAV6DlGjtArgAMiAAAAAFeg5Ro7QK4ADIgAK9ByjR2gVwAGRAAV6DlGjtArgAMiAAr0HKNHaBXAAZEABXoOUaO0CuAAyIACvQco0doFcABhqxS5Wt0mdo87DSJLz0vEl4rV6FY9qtVPBQPkja6zs3ZK1NVsxPNVI1MnIsq69LuFwXKiO+KXL8QJAGNt9I88vUWJ7J/+abQMeAAAAAAAAAAAAAAAAAAAAAAAAAAAAAAAAAAAAAAAAAAAAAAAAAAAAAAADQ2IkeU1blLm3slm8LSXmTb4AewQO6HDiRojYMJive9yNa1EvVVXoRAPq1gZsa2wOC+zlluAjYspIsdHu64z/PiL/icoG0Ar0HKNHaBXAAZEABXoOUaO0CuAAyIACvQco0doFcABkQAFeg5Ro7QK4ADIgAK9ByjR2gVwAGRAAANcAAkV7J9LYBIAAa4ABIr2T6WwCQAA1wACRXsn0tgEgABrgAEivZPpbAJAADXAAJFeyfS2ASAAGuAASK9k+lsAkAANcB84vL+wefJjCtLWylJfgylqJVIj3InNymFc1969qt4C/EDi8B4NbkEqVLjyt3nObez+snOgHqtyK1ytclyotyoAAAAAAAAAAAAAAAAAAAAAAAAAAAAAAAAAAAAAAAAAAAAAAAAAAAAAAAD2NY+nchpDIj23RJleMd7upPAC4B7T8mawa4QMMVCpsaDxknIxcYTfNzcXC85EX3u4KfED61IiIlyIB1AkV7J9LYBIAAa4ABIr2T6WwCQAA1wACRXsn0tgEgABrgAEivZPpbAJAADXAAJFeyfS2ASAAGuAAAAACRXsn0tgEgABrgAEivZPpbAJAADXAAJFeyfS2ASAAGuAASK9k+lsAkAANcAAkV7J9LYBIAAa4ABIr2T6WwCQAA1wHoryysGa4RsCtSiyUvxlTs8uNZW5L3OaxF41ie9l63datQD5bAAPXNr6Zi+quiMbdCmfuje5etPH/MCGAAAAAAAAAAAAAAAAAAAAAAAAAAAAAAAAAAAAAAAAAAAAAAAAAAAAAPOotOdVKlBlETzVde9exqdIHtNrWsajGJc1qXInYgHUDnZ5CGDvE1jKlhCnoHBma7F5NKqqc6S0JedU/rPv/wACAc0gAEivZPpbAJAADXAAJFeyfS2ASAAGuAASK9k+lsAkAANcAAkV7J9LYBIAAa4ABIr2T6WwCQAA1wAABIx9mevuAY+zPX3APTfseJ0uFf4dgDEOeam8BiHPNTeAx9mevuAY+zPX3APTfseJ0uFf4dgDEOeam8BiHPNTeAx9mevuAY+zPX3APTfseJ0uFf4dgDEOeam8BiHPNTeAx9mevuAY+zPX3APTfseJ0uFf4dgDEOeam8BiHPNTeAx9mevuAY+zPX3APTfseJ0uFf4dgDEOeam8BiHPNTeAx9mevuAY+zPX3APTfseJ0uFf4dgDEOeam8BiHPNTeAx9mevuA7I1YhTEF8vHp6PhxWqx7VdzOaqXKi8wHyh8oHBy7BfhTrNnYUBzJCJFWbp6r0LLxFvaie7nb8APXIEe1VKxpS38W2+NA+6M7+1PAD1qAAAAAAAAAAAAAAAAAAAAAAAAAAAAAAAAAAAAAAAAAAAAAAAAAAAAAN3YelcnlHVKK258xzMv6mJ9agacC5YeyVSt3a6k2PpENXTVWmocsy5L+Cjl53e5EvX4AfXSyWDynWOszTLL0mYRkpTJaHLQ0RnSjUuv6elV5/iBXx9mevuAY+zPX3APTfseJ0uFf4dgDEOeam8BiHPNTeAx9mevuAY+zPX3APTfseJ0uFf4dgDEOeam8BiHPNTeAx9mevuAY+zPX3APTfseJ0uFf4dgDEOeam8BiHPNTeAx9mevuAY+zPX3APTfseJ0uFf4dgDEOeam8BiHPNTeAx9mevuAY+zPX3APTfseJ0uFf4dgDEOeam8BiHPNTeAx9mevuAY+zPX3AMfZnr7gJAACvQco0doFcABkQAFeg5Ro7QK4ADIgAK9ByjR2gVwAGRAAV6DlGjtArgAMiAAr0HKNHaBXAAZEABXoOUaO0CuAAyIADjl5a2CF9s8H32wqRLq+pWV86YRqXrEknqvD/wAC3O9yuA+fgAD1xaukLS6i6JDb9wmL3s7l60AiAAAAAAAAAAAAAAAAAAAAAAAAAAAAAAAAAAAAAAAAAAAAAAAAAAAPOotMiVaoQ5Rl/BVeFEd6rU6QPaUKEyDDbBht4LGIjWp2IgHcBzU+x7YIHTM9UMMVYl/uUtw6fSUcn4URU+7RU9yeaneruwDnUBkQAFeg5Ro7QK4ADIgAK9ByjR2gVwAGRAAV6DlGjtArgAMiAAr0HKNHaBXAAZEABXoOUaO0CuAAyIAAAAAV6DlGjtArgAMiAAr0HKNHaBXAAZEABXoOUaO0CuAAyIACvQco0doFcABkQAFeg5Ro7QK4ADIgAK9ByjR2gVwAGRAAUKfIytTkqhTp6A2NLTUPiYsNyXo9jkciovwUD5T+UDgmnsDeE2qWUjQncge9ZqmxVTmiyr1VWc/anO1e9APW4E6vUplXpz5a5OMTzoar1OQD1hFhvgxHQorVa9iq1yL1KB2gAAAAAAAAAAAAAAAAAAAAAAAAAAAAAAAAAAAAAAAAAAAAAAAAAexLI0bFkhx8Zl0eYuc6/pa3qQC8BesNY2s4QLW0ux1BgLFnapMNgQ7k5moq+c9e5qXqvcgH1/wfWKpWDuxlIsXRYaMlaVLMgIqJ+G5E85697nXr8QNCBkQAFeg5Ro7QK4ADIgAK9ByjR2gVwAGRAAV6DlGjtArgAMiAAr0HKNHaBXAAZEABXoOUaO0CuAAyIAABrgAEivZPpbAJAADXAAJFeyfS2ASAAGuAASK9k+lsAkAANcAAkV7J9LYBIAAa4ABIr2T6WwCQAA1wACRXsn0tgEgABrgAEivZPpbAOOvla4HPtn4Pn1WkSnGV6z6OmZXgp50aDdfEhd96JeneneoHzjc1zXK1yKiotyovSigdAMbbahqi43lYfMvNHRP3OAx4AAAAAAAAAAAAAAAAAAAAAAAAAAAAAAAAAAAAAAAAAAAAAAAANDZChrUZtJ2YZfLwFv5+h7upAPYIADnN5EeBKLQKEuFu0MkrJysNdApLIjeeHLIqcKKnYr15k/op3gcqgAGuAASK9k+lsAkAANcAAkV7J9LYBIAAa4ABIr2T6WwCQAA1wACRXsn0tgEgABrgAEivZPpbAJAADXAAAAABIr2T6WwCQAA1wACRXsn0tgEgABrgAEivZPpbAJAADXAAJFeyfS2ASAAGuAASK9k+lsAkAANcAAkV7J9LYBIAAa4ABIr2T6WwCR08ygfPfywsCK4PbX/LSgSatoFfiOe5GJ5stNLzvZ3I78JPinUBx3A7YkNkaG6FEajmPS5yL1oB60tFRIlGnVaiKsCIqrCd3di96ASgAAAAAAAAAAAAAAAAAAAAAAAAAAAAAAAAAAAAAAAAAAAAAB5dLpkxVZxkpLpzrzud1Nb1qoHtCRkoFPlYcpLtuZDS73r2qB+4HtvyZ8Cc5hswjytIiwntodOVs3Vo6JzNgovNDRfWevMndevUB9RahIylMkpCnU+XZAlpWHxMGExLmsY1GoiJ3IiATwAGuAASK9k+lsAkAANcAAkV7J9LYBIAAa4ABIr2T6WwCQAA1wACRXsn0tgEgABrgAEivZPpbAJAADXAAAEjH2Z6+4Bj7M9fcA9N+x4nS4V/h2AMQ55qbwGIc81N4DH2Z6+4Bj7M9fcA9N+x4nS4V/h2AMQ55qbwGIc81N4DH2Z6+4Bj7M9fcA9N+x4nS4V/h2AMQ55qbwGIc81N4DH2Z6+4Bj7M9fcA9N+x4nS4V/h2AMQ55qbwGIc81N4DH2Z6+4Bj7M9fcA9N+x4nS4V/h2AMQ55qbwGIc81N4DH2Z6+4Bj7M9fcA9N+x4nS4V/h2AMQ55qbwGIc81N4DH2Z6+4Bj7M9fcA9N+x4nS4V/h2AMQ55qbwOMvla4acE9n7KVXBtPRIdpqzPQlhukpdU4Em/82JEiXrwXNW5URL15uokyPnkUAPEqtMl6tJvlI6dPO13W13UoHrGo0+Zpk0+UmmXOb0L1OTtQDxgAAAAAAAAAAAAAAAAAAAAAAAAAAAAAAAAAAAAAAAAAAAHfAgRZmMyBAYr4j1ua1OtQPZVnqHDosmjFudHic8V/f2J3IBVAoUGhVS01Zk7P0SUfNT0/GbAgQmJernOW5Ph3gfU3ADg2pGBGwErZmTkmRqjGumKnNo7njzCpz9X4LehE7E7wPZXpv2PE6XCv8OwBiHPNTeAxDnmpvAY+zPX3AMfZnr7gHpv2PE6XCv8ADsAYhzzU3gMQ55qbwGPsz19wDH2Z6+4B6b9jxOlwr/DsAYhzzU3gMQ55qbwGPsz19wDH2Z6+4B6b9jxOlwr/AA7AGIc81N4DEOeam8Bj7M9fcAx9mevuAem/Y8TpcK/w7AGIc81N4DEOeam8Bj7M9fcAx9mevuAem/Y8TpcK/wAOwBiHPNTeAxDnmpvAY+zPX3AMfZnr7gGPsz19wEgABXoOUaO0CuAAyIACvQco0doFcABkQAFeg5Ro7QK4ADIgAK9ByjR2gVwAGRAAV6DlGjtArgAMiAAr0HKNHaBXAAZEAB5UKtUmztLqNartRl5GQlGJEjzEd6MZDal/OqqBwm8ojy56paPlVkMD8SNTqYvChR6wvmzEw3oXik6YbV7fwvcZmRxBixYseI6NGiOiRHqrnPct6uVelVXrUg7CxOQGgAl1+hwa1K8DmbHZzw39ncvcB62mpWPJx3y0zDVkRi3KigfkAAAAAAAAAAAAAAAAAAAAAAAAAAAAAAAAAAAAAAAAADqxj4j0Yxquc5bkROlVA9g2Xs22lQuVzTUWaiJ0eonZ7wNAAA9h4DMK7cDluYNrIlAlqrC4tYEVkRLosNjvwnQndDXXeKXp1kzH0lwd4SrIYUbPw7RWRqjJqC65IsJeaLAfdzse3pRf3L1FG/oOUaO0CuAAyIACvQco0doFcABkQAFeg5Ro7QK4ADIgAK9ByjR2gVwAGRAAV6DlGjtArgAMiAAr0HKNHaBXAAZEAAAAAK9ByjR2gVwAGRAAV6DlGjtArgAMiAAr0HKNHaBXAAZEABXoOUaO0CuAAyIACvQco0doFcABkQAFeg5Ro7QK4ADIgYzCjhasbgjoLq5auoIxzkVJaUhqix5l/qsb/mvQgHz1w1eULbbDNUHMqMw6QocOJwpalwXrxbbuh0Rfz3968ydVxnMerCAB4FWrcjR4XDmYl71/Bht/CcUQKTbZ0zUFg1BjIUGKt0NU/MXvXrNQNd086AAI9obOwa1B4bLocyxPMf29ygeupqVjycd8tMw1ZEYtyooH5AAAAAAAAAAAAAAAAAAAAAAAAAAAAAAAAAAAAAAADqxj4j0hw2q5zluRETnVQN7Ziy7acjZ6eajplU81vVD3gaQAAJMgZGpwdYSrW4LbQwrR2RqTpaO25sWEvPCmGdbIjehU/enUUfSPybPKLslhnpsaXhxIdOtFBhtdNUyI/nW6+98JV/DZ+9OssSPeRQAyIACvQco0doFcABkQAFeg5Ro7QK4ADIgAK9ByjR2gVwAGRAAV6DlGjtArgAMiAAr0HKNHaBXAAZEAAA1wACRXsn0tgEgABrgAEivZPpbAJAADXAAJFeyfS2ASAAGuAASK9k+lsAkAANcAAkV7J9LYBIAAa4ABIr2T6WwCQAA9ceUZ5VNlMCEk+jyHFVe1ceHfAkGu8yXReh8ZU/BTsb0r3dJJkfNm3uEG1uEy0cxam2VXiz89MKtyuXzITepjG9DWp2IZGcAAZiv2xgyfClKarYsfoc/paz61LkMRMTEeaiujzEV0R7lvVzlvU0PzA2Nk7UX8Cl1GJ3Qojl1VA2IACVXbPytag+ddDjsTzIiJ+5e1APXU/T5qmzLpWbhqx7ejsVO1APHAAAAAAAAAAAAAAAAAAAAAAAAAAAAAAAAAAAAAd8CBGmozYEvDc+I9bmtROdQPYFnLLwaU1JqaRIk0qfBnu7+8C+AAzlqLTNprFkZJ6LNOTznJ/Np9YEmgWyiyytlaq50SF0JF6XN9/ahJgbeFFhR4bY0GI17Hpe1zVvRUMjuA82j1mq2fqcvWaJUI8lPSj0iQY8F6texydaKgHPTycfKwpeEaHL2Pt1Gg0+0yIjIMdfNgz93Z1Nif0ehersNRI5HlGuAASK9k+lsAkAANcAAkV7J9LYBIAAa4ABIr2T6WwCQAA1wACRXsn0tgEgABrgAEivZPpbAJAADXAAAAABIr2T6WwCQAA1wACRXsn0tgEgABrgAEivZPpbAJAADXAAJFeyfS2ASAAGuAASK9k+lsAkAANcAAkV7J9LYBIA4x+Un5WklYZszYnB1Mwpyvqiw5mdbc+FI9qN6nRP3N95JkcFKlU6hWZ+PVatOxpucmnrFjR4z1e+I5elVVekyPGA/OYmIMrBdHmIjYcNiXq5VAwloLXR6hwpWnq6FL9Cu6HP8AqQ1EDOFAAAA2Nl7V38GnVSJ3Qorv8l+sDYgAPDqlJkqvAWBNw71T8F6fhNXuA9eVqz85Rot0RqxILl8yKicy+/sUCYAAAAAAAAAAAAAAAAAAAAAAAAAAAAAAAAAADzKZSZyrR0gSkO/1nr+C1O9QPYVEs/J0WF9zThx3J58VU517k7EAqAAM5aa1LKa10lIuR00qec7pSHvAwMSI+K90SI9XOct6qq86qB0ArUK0c3RonBRViy7l86Gq/vTsUkwPYdPqMpU5dszKRUc1elOtq9ioQeSQd0OJEgxGxYURzHsVHNc1blaqdCovUBzO8mbyuUm1lMH+FSeRsZeDBkKxFdcj+psOMvb1I/x7SxI52tc17Uc1yK1UvRUXmVDQ6gSK9k+lsAkAANcAAkV7J9LYBIAAa4ABIr2T6WwCQAA1wACRXsn0tgEgABrgAEivZPpbAJAADXAAAEjH2Z6+4Bj7M9fcA9N+x4nS4V/h2AMQ55qbwGIc81N4DH2Z6+4Bj7M9fcA9N+x4nS4V/h2AMQ55qbwGIc81N4DH2Z6+4Bj7M9fcA9N+x4nS4V/h2AMQ55qbwGIc81N4DH2Z6+4Bj7M9fcA9N+x4nS4V/h2AMQ55qbwGIc81N4DH2Z6+4Bj7M9fcA9N+x4nS4V/h2AMQ55qbwGIc81N4DH2Z6+4Bj7M9fcB0c5tYarnOSA2Al6qq3oqL4eqBwp8qXysYUtEmsHWCasca5OFBqVYg8yJ1LCgLf4vT3J2mZkcMHOc9yve5XOct6qq3qqkHQDxKnVJOky6zE3EuT81qdLl7EKPXdar05Wo18V3AgtXzISLzJ7+1S5CYUAAAAAA1NmrWvlODI1N6ug9DIi86s9/agG4Y9kRiRIbkc1yXoqLeioB1A7YsGFHhuhRobXsclytcl6KBjK7Yp8NXTVIRXs6VgqvOn9Xt9wGTex8Nyse1WuTmVFS5UA6AAAAAAAAAAAAAAAAAAAAAAAAAAAAAAHTzIBo6HY+an1bMT6OgS/Sifnv+oDcyknLSEBsvKQWw2N6kTp94H7AO8DJ2ltc2Cj5ClPRYnQ+MnQ3uTvAxTnOe5XOcqqq3qq9KgdAAADy6ZVZukzCTEpEu9Zq9Dk7FA9jUWuSlagcOC7gxWp58NV52/WhkUSABy98lbyx5uynJcHeFGcdNUheDBp9Tiv8APlOpGRF51dD6kXpb7ixI5zwbSQpiEyPAl2xIcRqPY9kS9rmrzoqKic6Gh3+m/Y8TpcK/w7AGIc81N4DEOeam8Bj7M9fcAx9mevuAem/Y8TpcK/w7AGIc81N4DEOeam8Bj7M9fcAx9mevuAem/Y8TpcK/w7AGIc81N4DEOeam8Bj7M9fcAx9mevuAem/Y8TpcK/w7AGIc81N4DEOeam8Bj7M9fcAx9mevuAem/Y8TpcK/w7AGIc81N4DEOeam8Bj7M9fcAx9mevuAY+zPX3ASAAFeg5Ro7QK4ADIgAK9ByjR2gVwAGRAAV6DlGjtArgAMiAAr0HKNHaBXAAZEABXoOUaO0CuAAyIHR72Q2OiRHo1rUVznOW5EROtQOFPlP+VrM1RJ/BrgvqKw6c5Vg1KqQXXOmLr0WFCVOhnPcruvq5unMyOIxAAmVyvStFgcKIvDjOTzIaLzr3r2IX5j1zUalN1SYWZm4iucvQnU1OxENDxgAAAAAAAAFmg2mm6O9IT74ssq87FXnb3oB7BkKhKVKAkxJxke1entTuVOoDyAAEur2dp1Yaro0PgRuqKzmX49oGHq9malSVV7ofHQeqIxL0+KdQEkAAAAAAAAAAAAAAAAAAAAAAAAAAAHn0uh1GrPulYK8DriO5mp8QNxRrJ0+l8GNFTlEwn57k5kXuQC2AA/OYmIErCdHmIrYcNvOrnLcBhbQ2ujT6ulKe50KX6Fd0Of9SAZsAAAAAAH7Sk3MSMdszKxVZEYvMqAew7P2jl6zC4t90OaannM9bvQzMCyQAOT/kueVLHsTHl7AYQZ58WgRXJDkp2It7pByrzNcvXC/wBPuLEj6CWajwZmDFmJeKyLCitY9j2ORWuat6oqKnShoWwAGRAAV6DlGjtArgAMiAAr0HKNHaBXAAZEABXoOUaO0CuAAyIACvQco0doFcABkQAAAAAr0HKNHaBXAAZEABXoOUaO0CuAAyIACvQco0doFcABkQAFeg5Ro7QK4ADIgAK9ByjR2gVwAGQc5rGq97ka1qXqqrciIBwl8q3ypFrbprBpg5qCpT2qsKp1GC67lCp0woap+Z2r19HR05mRxKIAEa0No4FGhcWy6JNPTzGdnepYgeu5qamJ2O6ZmYqxIj1vVVND8gAAAAAAAAAAB5MhUZymR0mJOMrHJ0p1L3KnWBu6Ja2SqfBgTN0vMdFyr5rl7lAvAACoipcqXooEKq2QptR4UWCnJoy8/CYnmr70AyFTsvVaZe98HjoSfnw+dPinSgEkAAAAAAAAAAAAAAAAAAAAAABQptBqdVcnJpdUZ1xH8zU+IGtpViJGUuiz7+UxE5+DdcxPrA0jGMhsRkNiNanMiIlyIB1AASqzaOn0dqtiP42P1QmLz/HsAwNWrc9WI3GTMS5iL5kNv4LQPAAAAAAAAAAd8GNFl4rY0CI5j2Le1yLzooHsGzdpoVXhpLTKoybanOnU/vT6jMwLxAA5Y+SB5VjrCTkDBvhDnnPoE05sORnorr1kH38zHL/0lVdH3FiR9CoUSHGhsjQYjXw4jUc1zVvRyL0Ki9aGh3gZEABXoOUaO0CuAAyIACvQco0doFcABkQAFeg5Ro7QK4ADIgAK9ByjR2gVwAGRAAANcAAkV7J9LYBIAAa4ABIr2T6WwCQAA1wACRXsn0tgEgABrgAEivZPpbAJAADXAAJFeyfS2ASAAHFDyzPKtVnK8EWDapc/PBrVSgP6O2XhuTWcnuTrMzI4PEACJaO0kKjwlgwVR809PNb1N71LEZj13HjxZmK6PHiK+I9b3OXpU0OwAAAAAAAAAAAAAADQUa2E9TkbAmr5iAnNzr5zU7lA2tNrEhVYXGScdHL1sXmc33oB5oAABMqNnKTUr3RpZGRF/Ph+au8DNz1gpqHe+QmmRU6mv81fHoAz85SqjIKqTcnEhonXwb08QPEAAAAAAAAAAAAAAAAfvKyM5OuRsrKxIqrzea29PEC9I2FqMe505Fhy7ez8JwGkp1k6PT7n8Tx8RPz4vP4J0AWURGpc1ERE6kAAAPwnZ+Up8FY85HbDanavOvuTrAxtZtvMTKOgUtqwYa8yxF/DX3dgGXc5z3K97lc5edVVb1UDoAAAAAAAAAAAO6HEiQYjYsJ6se1b2uRedFA9g2ZtMyqw0lJtyNm2J7kiJ2p3mZjIXyABy48knym1pMWWwXYQaj94xFSFSZ+M78Q5eiC9y/mr+aq9HR0FiRzYRUVL0U0NcAAkV7J9LYBIAAa4ABIr2T6WwCQAA1wACRXsn0tgEgABrgAEivZPpbAJAADXAAAAABIr2T6WwCQAA1wACRXsn0tgEgABrgAEivZPpbAJAADXAAJFeyfS2ASAAGuAASK9k+lsAkAcZPK08pJthpGNg6sTOotoJyHwZ2Zhuv5DCcn4KL/1HJ4Jz9NxJkcDHvfEe6JEcrnOVVc5VvVVXrUyO0CNaO0MKjQOLh3PmoieY31e9SxGY9cx48WZjPjx4iviPW9zl61NDsAAAAAAAAAAAAAAAAAO+DGiy8RIsCI6G9vQ5q3KgGmpVuZmBwYVUh8czo4xvM5Pf2ga2n1inVNvCk5pr162rzOT4AeYAAAFRHJc5EVOxQJs3ZyjTt6xpCGjl/OZ5q/uAkTNgJF96ys5Fh9zkRybAJkewVUhqvETECKnVzq1f3gT41la9B6ae5/exUUDw4lKqcLmiU+YT/8ATUD8HS8dnM6BET3tUDsVFTmVFAXL2Ad7YMZ34MJ6+5qgftDplRirdDkZh1/s1A8uFZiuxvwadERO11yAefAsLWIl3HRIEJO91/8AkBTlsH8u25Zufe/tRjUT96gVpSy1DlLlbJNiOT86IvC/z5gKrIbIbeDDY1qJ1IlwHUAAA/Ccn5OQh8ZOTLITf6S86+5AMrVbd9MKkwe7jYif5J9YGUmpyanoqxpuO+K9etygfiAAAAAAAAAAAAAAB3QosSDEbFhPVr2Le1yLzooHsOzVo4dXg8nmFRs1DTnT107UMzGQukHVFVFvRblQDnB5IvlKpaGBLYLbdz3/ANTgt4ulTsV35SxE5oLlX89E6F605uk1Ejm6UAJFeyfS2ASAAGuAASK9k+lsAkAANcAAkV7J9LYBIAAa4ABIr2T6WwCQAA1wAABIx9mevuAY+zPX3APTfseJ0uFf4dgDEOeam8BiHPNTeAx9mevuAY+zPX3APTfseJ0uFf4dgDEOeam8BiHPNTeAx9mevuAY+zPX3APTfseJ0uFf4dgDEOeam8BiHPNTeAx9mevuAY+zPX3APTfseJ0uFf4dgDEOeam8BiHPNTeAx9mevuAY+zPX3APTfseJ0uFf4dgHpLyoMNdNwG2T4iQn4czaiqscynSvB/FN6FjvS/manV2rzdpJHzOqVSn6xUJiq1SbiTU3NxHRo0aI69z3uW9VVTI8YCZXq5AosqsR1zo70uhs7V7V7ij1rNTUedmHzMzEV8SIt6qpofkAAAAAAAAAAAAAAAAAAAADqyI+E5Hw3uY5OhWrcqAXqdbSqydzJhWzUNPX5neIGmkLZ0ecubGe6WevVETm8UAtwosKMxIkGI17V6Fat6AdwAAAAAAOitavS1PADpxcP1G+ADi4fqN8AOvAYnQ1PADr0dAAAAAAAOjnNY1XPcjUTpVVuRAJE/aujSN7eUcc9PzYXP8Av6AM1Ubc1CYvZIw2yzPW/Cd9SAZ6PMR5qIsWYjPiPXpc5b1A/MAAAAAAAAAAAAAAAAAAd8vHjSsZkxAiKyIxb2uTqA9kWdr0KtS3nKjZmGl0Rnb3p3GZFcg/WWmZiSmYU5KR3wY8F6RIcRjrnMci3oqL1KigfSfyVvKgh4V7Nts5aXi/lXSYSJHXh8HlsJOZIzUu6ehHJ28/WaiR77x9mevuKHpv2PE6XCv8OwBiHPNTeAxDnmpvAY+zPX3AMfZnr7gHpv2PE6XCv8OwBiHPNTeAxDnmpvAY+zPX3AMfZnr7gHpv2PE6XCv8OwBiHPNTeAxDnmpvAY+zPX3AMfZnr7gHpv2PE6XCv8OwBiHPNTeAxDnmpvAY+zPX3AMfZnr7gGPsz19wEgABXoOUaO0CuAAyIACvQco0doFcABkQAFeg5Ro7QK4ADIgAK9ByjR2gVwAGRAARrdYT7PYIrEVe2lo4yJClmtbAgItz5mOvC4EJveq+CIq9QHywwlYRLRYU7Y1C2lp5lYs3PRFVrEXzIMNPwIbE6mtTmMDLgeJVKnL0mTfNzC8yczW9bl7EKPWVSqMxVJt83Muvc7oTqanUiGh4oAAAAAAAAAAAAAAAAAAAAAAAAA/aWnpySdw5WZiQl/ouuAtyluKxAuSOkKYanrJcvigFmVt9T4lyTUrGhL2tucgFaWtJRJpE4uoQ2qvU9eCv7wKEONCipwoUVj07WqigdwAAAAAAAADo57GJe97WonWq3AeDMV+jyt/HVGDenU13CX9wEqZt3SoV6S8GNGX3cFAI03bupxr0lYMKA3tu4SgRJuqVGfW+bnIsROxXc3h0AeKAAAAAAAAAAAAAAAAAAAAAAA/eRnZinzLJuWerXsXxTsUD2bR6tL1iTbMwVucnNEZ1tcZHnEFiyVq63Yi0Ujaizs6+Vn5CKkWE9q9Pa1U62ql6KnWigfTrArhcomGOxcvaSmK2FOQ7oNQlOFe6XjonOn9VelF7DcD2rQco0doFcABkQAFeg5Ro7QK4ADIgAK9ByjR2gVwAGRAAV6DlGjtArgAMiAAAAAFeg5Ro7QK4ADIgAK9ByjR2gVwAGRAAV6DlGjtArgAMiAAr0HKNHaBXAAZED85qal5KWizk3GZBgQGLEiRHrc1jUS9VVexEA+bHlNYcprDBbN8Cmx3ts3SXuhU+FfckVb7nR3J2u6uxLjMj00QdkaNCl4T48Z6NYxFc5V6kA9aWgrcWtTivvVsCHzQmdidq96mogSygAAAAAAAAAAAAAAAAAAAAAAAAAAAAAA7mRYsNeFDiOYva1bgPLhVyrwfxdSmEu7Xqv+YHlw7XV9nTO8P+sxFA/dtuK63pdAd74e8D9Et3WOuHL/4N4D5eVj/pS/8Ag3gdjrc1xehZdP8A9PeB+MS2Fff0TaM/qsQDxYtoK1G/GVKP8HcH/IDwokxHjLfGjRHr2ucqgdgAAAAAAAAAAAAAAAAAAAAAAAAAAAAFCiViPRpxsxDvVi80RnrN+sSPZspNQJ2XZNS70dDiJeimB+oHsfAThiq2Bm2sCuyqvjUyZVsCpyiLzRoN/Sn9JvSi/DrKPqhYKu0q09Fh2gok2yZkZ+DDjwIrF5nMciqnxNDTgAMiAAr0HKNHaBXAAZEABXoOUaO0CuAAyIACvQco0doFcABkQAADXAAJFeyfS2ASAAGuAASK9k+lsAkAANcAAkV7J9LYBIAAa4ABIr2T6WwCQAA1wHDDy8fKAWmSa4F7KTt0zNsSJW40N3OyEvO2Xv7XdLu65OtTMyOCBAAwtsq/yqKtLlH/AHGGv3Ryfnu7PchqIGXKAAAAAAAAAAAAAAAAAAAAAAAAAAAAAAAAAAAAAAAAAAAAAAAAAAAAAAAAAAAAAAAAAAAAAAAAABoLJ19aXM8kmX/e0Zev8x3b7iTA9hIqKl6LeimQA5UeRlh9iWaqsLBTaqe/+kVGKrqXFiO5pWZddfDv6mvu+DveWJHOg0AGuAASK9k+lsAkAANcAAkV7J9LYBIAAa4ABIr2T6WwCQAA1wAAAAASK9k+lsAkAANcAAkV7J9LYBIAAa4ABIr2T6WwCQAA1wACRXsn0tgEgABKw74XKZgXwdVC184rIk5weT06WVeePMuReAnuT8Je5FA+SlfrtUtPWp60Nbm3zU/UY75iYjPW9Xvct6ruMCeBBtZXcVynJoDvvmOlyf0W9aliB67VVVb1XnU0AAAAAAAAAAAAAAAAAAAAAAAAAAAAAAAAAAAAAAAAAAAAAAAAAAAAAAAAAAAAAAAAAAAAAAAAAAAAbmxle5VCSlTT/usNPuTlX8JvZ70MzA1JB3Q4kSDEbFhPcx7FRzXNW5UVOhUUD6QeSrhuh4WLENptXmEW0VCYyBOIq+dHh9DIye+65e9O9DUSPdxRrgAEivZPpbAJAADXAAJFeyfS2ASAAGuAASK9k+lsAkAANcAAASMfZnr7gGPsz19wD037HidLhX+HYAxDnmpvAYhzzU3gMfZnr7gGPsz19wD037HidLhX+HYAxDnmpvAYhzzU3gMfZnr7gGPsz19wD037HidLhX+HYAxDnmpvAYhzzU3gMfZnr7gGPsz19wD037HidLhX+HYAxDnmpvA6OobWNVzp65qJeqq3mRPED5oeV5hwi4X8IsSRpkdfk/Z9XSsk1rr2xYl/3SN33qlyL2InaZkeiCD8Z2bgyErEm47rmQ23r39wHqypT8apzkScjr5z15k9VOpDY8YAAAAAAAAAAAAAAAAAAAAAAAAAAAAAAAAAAAAAAAAAAAAAAAAAAAAAAAAAAAAAAAAAAAAAAAAAAAAHfAjxZaMyYgPVsSGqOaqdSge0KJVYdYkGTTVRHp5sRqfmuMjzyDZ4IsJVVwUW7p1r6a96w4L0hzcFF5o8u5fPYvw5070Qo+sFmI1IthZ6n2noNWbMyFTl2TMCI1vS1yX9vSnQvehoVMfZnr7gGPsz19wD037HidLhX+HYAxDnmpvAYhzzU3gMfZnr7gGPsz19wD037HidLhX+HYAxDnmpvAYhzzU3gMfZnr7gGPsz19wD037HidLhX+HYAxDnmpvAYhzzU3gMfZnr7gGPsz19wDH2Z6+4CQAAr0HKNHaBXAAZEABXoOUaO0CuAAyIACvQco0doFcABkQAFeg5Ro7QK4HHjy1MNH2scGcSztImuLrtqGvlICtdc6DL3XRYndzLwU73dxJHzIMgBhLbVnlUylMgP+5QFviXdb9xqBmCgAAAAAAAAAAAAAAAAAAAAAAAAAAAAAAAAAAAAAAAAAAAAAAAAAAAAAAAAAAAAAAAAAAAAAAAAAAAAABXs1WXUioNc9y8RF82Kn+S/Akj2U1zXtRzVRUVL0VOsyOoHNLyAcOPIp2PgYtFOfcJpXTVFe934EXpiQU7nfhInaju0sSOXxoAK9ByjR2gVwAGRAAV6DlGjtArgAMiAAr0HKNHaBXAAZEAAAAAK9ByjR2gVwAGRAAV6DlGjtArgAMiAAr0HKNHaBXAAZEABXoOUaO0ClMzMCTl4s3NRWwoMBjokSI9bmsa1L1VV6kREA+SvlG4WZjDFhTqlpWxXLTID1k6XDVeZssxVRrru1y3uX39xmR6wIJtoaq2kU2JMIqca7zISf0l+oo9YPc57le9VVzlvVV61NDoAAAAAAAAAAAAAAAAAAAAAAAAAAAAAAAAAAAAAAAAAAAAAAAAAAAAAAAAAAAAAAAAAAAAAAAAAAAAAAAAbuxVZ5XLLTY774sBL2Kv5zNxmRpyDzqJWqlZ2sSVeo80+WnqfHZMS8Vq3Kx7VvRQPqdgdwkSGFXB9S7YSbmpFjw+LnISL+JmG80Ri/HnTuVDY2gFeg5Ro7QK4ADIgAK9ByjR2gVwAGRAAV6DlGjtArgAMiAAAa4ABIr2T6WwCQAA1wACRXsn0tgEgABrgAEivZPpbAJAADXAAJFeyfS2AcZPLQwofInBqtlqdM8XU7TqsunBW5zJZPxrvjzN+KkkfPMyAHrm11WxjU3QYbr4MtexvevWpqBDKAAAAAAAAAAAAAAAAAAAAAAAAAAAAAAAAAAAAAAAAAAAAAAAAAAAAAAAAAAAAAAAAAAAAAAAAAAAAAAAAB5FPnYtOnIU5BW50N1/vTrQD2pJzUKdlYU3BW9kVqOQwP2A5R+Qdhh+ReEGLg9q83wKVai5sDhu82FOtTzF7uEl7ffwSwPo2aEivZPpbAJAADXAAJFeyfS2ASAAGuAASK9k+lsAkAANcAAAAAEivZPpbAJAADXAAJFeyfS2ASAAGuAASK9k+lsAkAANcAAj19URJdVW5E4WwD5YeU1hKdhMwsVSoS0fh0ymOWnSCIvmrDhqqOen9Z3CX3XGZ+I9UEEq0tTxXSokVrrosT7nD969fwKPWSqqrepoAAAAAAAAAAAAAAAAAAAAAAAAAAAAAAAAAAAAAAAAAAAAAAAAAAAAAAAAAAAAAAAAAAAAAAAAAAAAAAAAAAA2Fhatcr6TGdzLe+Ff+9NpJGyMj95KcmqdOQKhIx3wZiWiNjQYjFucx7Vva5F7UVEUD65YAMKEvhewWUa2DXs5Y6FyaoQ2/wA3NQ+Z6dyLzOTuchuBrq9k+lsAkAANcAAkV7J9LYBIAAa4ABIr2T6WwCQAA1wAABIx9mevuAY+zPX3APTfseJ0uFf4dgDEOeam8BiHPNTeAx9mevuAY+zPX3APTfseJ0uFf4dgDEOeam8BiHPNTeAx9mevuAY+zPX3APTfseJ0uFf4dgDEOeam8BiHPNTeAx9mevuAY+zPX3AepfKiwmtsPgcrNZgReTz8yzF0iiLerosbmVydH4LUct/chJHyzVVcqucqqq86qpkdAPX1talyyp8lhuvhyqcH3uXpNQM8UAAAAAAAAAAAAAAAAAAAAAAAAAAAAAAAAAAAAAAAAAAAAAAAAAAAAAAAAAAAAAAAAAAAAAAAAAAAAAAAAAAA/WUmYsnMw5qCtz4TkcgHtaRnIc/JwpyEvmxWo73L1oZH7kHKjyDML7rIW2nMHlSicKQtG3jJVrn3Iybhot139Zt6e9ELA5/+m/Y8TpcK/wAOw0GIc81N4DEOeam8Bj7M9fcAx9mevuAem/Y8TpcK/wAOwBiHPNTeAxDnmpvAY+zPX3AMfZnr7gHpv2PE6XCv8OwBiHPNTeAxDnmpvAY+zPX3AMfZnr7gGPsz19wEgABXoOUaO0CuAAyIACvQco0doFcABkQAFeg5Ro7QK4ADIgAOCvl44QXVa2dNwfSke+XokHlU01F5uURU81F70Zd/jMyOLJB41TnWU6Qjzj/5tiqidq9SeJR6oiRHxYjosRb3PVXKvaqmh2gAAAAAAAAAAAAAAAAAAAAAAAAAAAAAAAAAAAAAAAAAAAAAAAAAAAAAAAAAAAAAAAAAAAAAAAAAAAAAAAAAAAAbKwdTvbFpUV3R90hX/vTaZkbAg8+hVmes7WpGvUyMsKbp8xDmYL06nscip/kB9ecEdrpG3ljKfa+nORYNUlYUe5Fv4DlReGxe9rkVPgbG2AAZEABXoOUaO0CuAAyIACvQco0doFcABkQAAAAAr0HKNHaBXAAZEABXoOUaO0CuAAyIACvQco0doFcABkQPwqE9LUyQmalOROBLykF8eK71WNaqqvgigfJfCFauatxbet2tnHKsSqTsWOiX38Fiu81qdyNuT4GBngMlb6f4ECBTmO54i8Y/3J0FgYo0AAAAAAAAAAAAAAAAAAAAAAAAAAAAAAAAAAAAAAAAAAAAAAAAAAAAAAAAAAAAAAAAAAAAAAAAAAAAAAAAAAAAAHlUydfTp+DOM/m3Iqp2p1oJHtaFEZGhtiw1va9Eci9ymB3Ac8vsdeEPl1Cr+DeemL4tPe2oSTXLz8U+9IjU9zrl0lNQOZhQAyIACvQco0doFcABkQAFeg5Ro7QK4ADIgAAGuAASK9k+lsAkAANcAAkV7J9LYBIAAa4ABIr2T6WwCQAA1wHo/wAsq3C2JwD1ziI3FzdZ4FLgXLc77ovnqnuYjiSPliZAD1jaWd5dWZiIi3sY7i2e5Ob/ADvNQJZQAAAAAAAAAAAAAAAAAAAAAAAAAAAAAAAAAAAAAAAAAAAAAAAAAAAAAAAAAAAAAAAAAAAAAAAAAAAAAAAAAAAAAAew7F1DldJSXe698qvA0er/APncZkXyD2V5OtvXYOsLtBrkSLwJOPHSRnefm4mKqNVV7kXgu0Sj6jIqKiKi8ymgA1wACRXsn0tgEgABrgAEivZPpbAJAADXAAAAABIr2T6WwCQAA1wACRXsn0tgEgABrgAEivZPpbAJAADXAcE/sj9sljVeytgYEXzZaDFqswy/8568XDXwbE8TMjhaQeLVZvkNNmZu+5YcNVT39X7yj1Oqq5Vcq8685oAAAAAAAAAAAAAAAAAAAAAAAAAAAAAAAAAAAAAAAAAAAAAAAAAAAAAAAAAAAAAAAAAAAAAAAAAAAAAAAAAAAAAAAC/YufWUrDYDnXMmW8Bff0oSR7DMjq1VaqOatyot6AfVHAPbZMIGCezto3xeMmXSjZeaW+9ePh+Y+/vW7hfE3A3wGuAASK9k+lsAkAANcAAkV7J9LYBIAAa4AAAkY+zPX3AMfZnr7gHpv2PE6XCv8OwBiHPNTeAxDnmpvAY+zPX3AMfZnr7gHpv2PE6XCv8ADsAYhzzU3gMQ55qbwGPsz19wDH2Z6+4B6b9jxOlwr/DsAYhzzU3gMQ55qbwGPsz19wHy58rW17rZ4erTTqO+4yEZlNgtvvRqQWox13vcjl+JmR6eIM3bqa4mlMl0XnjxERfcnOWBgTQAAAAAAAAAAAAAAAAAAAAAAAAAAAAAAAAAAAAAAAAAAAAAAAAAAAAAAAAAAAAAAAAAAAAAAAAAAAAAAAAAAAAAAAHfAjPl48OPDXzobkcnwUD21KzDJqWhTMNb2xWI9PihgfqBzi+x5WiSq0a0thY84rHyMaHUJdipenAiJwX3c/a1PE1A5i4hzzU3lDH2Z6+4Bj7M9fcA9N+x4nS4V/h2AMQ55qbwGIc81N4DH2Z6+4Bj7M9fcA9N+x4nS4V/h2AMQ55qbwGIc81N4DH2Z6+4Bj7M9fcAx9mevuAkAAK9ByjR2gVwAGRAAV6DlGjtArgAMiAAr0HKNHaBXAAYmpTsKm06aqMf8XKwXx3/ANVrVVf8gPkPaGpRKzXqjVo0RXvnJqLHVy9fCcq7TAngYW30zw6hAlkXmhQ+EvvVdxqBlygAAAAAAAAAAAAAAAAAAAAAAAAAAAAAAAAAAAAAAAAAAAAAAAAAAAAAAAAAAAAAAAAAAAAAAAAAAAAAAAAAAAAAAAAPYli5vlNFbCVb3S7lYvu6UMyLxB728iq2LrJYfaJAiReBLVxkWlxb15r3t4TPjw2tT4lgfUg0MiAAr0HKNHaBXAAZEABXoOUaO0CuAAyIAAAAAV6DlGjtArgAMiAAr0HKNHaBXAAZEABXoOUaO0CuAA9JYfK2+z2Bu11UhP4MRlMiw2c/S56cFE1iSPlcZAD1lamY5RXZpyLejHIxPgl3+d5qBKKAAAAAAAAAAAAAAAAAAAAAAAAAAAAAAAAAAAAAAAAAAAAAAAAAAAAAAAAAAAAAAAAAAAAAAAAAAAAAAAAAAAAAAAAA1VgJrgTkxKKvNEYj0TvTcpJG4MirZSuTFmbT0i0Uo7gxqZPQJuGvY6G9HJ/kB9n6VUJer0yTqsm/hwJ2BDmITu1j2o5F8FQ2M2AAr0HKNHaBXAAZEABXoOUaO0CuAAyIAABrgAEivZPpbAJAADXAAJFeyfS2ASAAGuAASK9k+lsAkAAPU/l21nFfk/VGVa/gxKlPSss3vTh8JyeDVJI+Y5kOgD1HPRePnY8Zf5yI53ipsfiAAAAAAAAAAAAAAAAAAAAAAAAAAAAAAAAAAAAAAAAAAAAAAAAAAAAAAAAAAAAAAAAAAAAAAAAAAAAAAAAAAAAAAAAAFSzEysrXJV99yOdwF9y831EkezjIAfUbyb7QfKXAlZOfdE4USFItlInc6Eqsu8Goage+CgBIr2T6WwCQAA1wACRXsn0tgEgABrgAAAAAkV7J9LYBIAAa4ABIr2T6WwCQAA1wACRXsn0tgEgABx2+yOVDicGdmqa11yzNb4xU7WsgRNrkJI+fBkfjOv4uTjxPVhOX9wHqNVvVV7TYAAAAAAAAAAAAAAAAAAAAAAAAAAAAAAAAAAAAAAAAAAAAAAAAAAAAAAAAAAAAAAAAAAAAAAAAAAAAAAAAAAAAAAAAAB3wIqwY8OM3phvRyfBQPbsN6RIbYjVvRzUVDA7gOf8A5CFbWoYJZ2kufetLqsRqJ2JEa131moHL8oASK9k+lsAkAANcAAkV7J9LYBIAAa4AAAkY+zPX3AMfZnr7gHpv2PE6XCv8OwBiHPNTeAxDnmpvAY+zPX3AMfZnr7gHpv2PE6XCv8OwBiHPNTeAxDnmpvAY+zPX3AMfZnr7gHpv2PE6XCv8OwBiHPNTeAxDnmpvA4Y/ZGay6bk7ESXF8W1Yk7Fu4V96okJOz+kSRwmMjwq29WUicci9EF3+RR6qNAAAAAAAAAAAAAAAB1Y1z3tYxL3OVERO1VA9qQPJY8oCZgQ5mBg0n3w4rGxGOSYl+dqpei/jOwDv/kpeUL/6Yz/7RL//ACAP5KXlC/8ApjP/ALRL/wDyAP5KXlC/+mM/+0S//wAgD+Sl5Qv/AKYz/wC0S/8A8gD+Sl5Qv/pjP/tEv/8AIAXyUvKET/8AtjUP2iX/APkA8eP5MOHyWRVi4MqpcnquhO/yeoEKo4F8LdJRXT+De0UNqdLm0+I9E+LUVAMpOU6oU6KsCoSMxLRW9LI0JzHJ8FQDxwAAAAAAAAAAAAAamyOCzCLbx6NsjY2qVJrlu42FAVISL3xHXNTxA9xWd8hTDNV2si1eLR6Mx3VGmVivb72sTaBuqd9jxnlamN8JcBF6+TSLl/1KgFdn2PCz133TCfU7/wCjTod3+sDx5r7HhT+CvIcJ0yrurjqe1E/c4DLVn7H1byWa59DttRZ678GHFhRILl+POgHrC1nkp4dLItfGmrFRqhAh9MWmxEmU/wAKecv+ED1TOSU5T5h8pPykaWjw14L4UaGrHtXsVF50A/EAAAAALFkLJ1y3No5Kylm5VJmpVB7mS8JXoxHKjVcvOvMnM1QPan8jbD/+qUD9th/WA/kbYf8A9UoH7bD+sB/I2w//AKpQP22H9YD+Rth//VKB+2w/rAfyNsP/AOqUD9th/WA/kbYf/wBUoH7bD+sB/I2w/wD6pQP22H9YD+Rth/8A1SgftsP6wH8jbD/+qUD9th/WA/kbYf8A9UoH7bD+sB/I2w//AKpQP22H9YD+Rth//VKB+2w/rAfyNsP/AOqUD9th/WA/kbYf/wBUoH7bD+sB/I2w/wD6pQP22H9YGMwkYFcIeCeDJR7cUeHJMqDnsl1bHbE4StRFX8Ho6UAwwAAAAAAAAAAAAAPalDjcoo8nFvvvgtRfeiXbDI84g5n/AGOmZdOzNsrPumOLaxkrONS6+9VV7V6+5CwObGPsz19xoMfZnr7gHpv2PE6XCv8ADsAYhzzU3gMQ55qbwGPsz19wDH2Z6+4B6b9jxOlwr/DsAYhzzU3gMQ55qbwGPsz19wDH2Z6+4Bj7M9fcBIAAV6DlGjtArgAMiAAr0HKNHaBXAAZEABXoOUaO0CuAA+f32QqKq1WxcDqZLzrvF0L6iSOIRkTbSLwaFOr7LahR6vNAAAAAAAAAAAAAAAB+sp+VwP7Vn+pAPsJZ/wBAUz+5QP8AbaB54AAAAAAADp6QPAqlAoVcl1la1RZGfgu6YczLsitX4ORUA9Q248j7AnbKHEiS1n3UGcfeqR6Y9YbUXvhre27uREA4oYYvI8whYM4EeuUNyWkokFFe+NLQ1SYgM7Xw+tE61bf8APQYAAAAAAAAD2Xgh8n3CFhkm0Wz9P5LS2P4MeqTSK2AztRvW93cnxuA5r4L/I7wUYP4cGcrEh8pqqxEV0xPtRYLXf0IP4P+K8D3lLy8vKQWy8rAhwYTERrWQ2o1rUTqREA/QAAAAAAGUtvgtwf4RpR0nbGysjUb28FsZ8NGxof9WIlzk8QOJOGDyE6rSYcet4JqhEqcuy97qVNORJhqdkN/Mj/ctygcT5+nz1KnY1OqcnGlZqXesOLBjMVj2OTpRUXnRQPwAAAPbXkof/iEsb/eo/8A9tFA+nwAAAAAAAAAAAAAAAABw++yHeibG/3ia/0sA4UAAAAAAAAAAAAAA9kWPicZQYCeorm/vv2mZFog5U/Y7qpybDBV6UrrknaJEfd2rDiw7v3OUsDnOaACvQco0doFcABkQAFeg5Ro7QK4ADIgAAAABXoOUaO0CuAAyIACvQco0doFcABkQAFeg5Ro7QK4AD5+/ZCU/wDrNjF7ZacTWhkkcQzIm2l9Azv9ntQo9XmgAAAAAAAAAAAAAAA/WU/K4H9qz/UgH2Es/wCgKZ/coH+20DzwAAAAAAAAAAB0VEcitciKi8yooHCryw/JqkaTKzGFiwVPbAgI7hViRgtuYy9fx7EToS/8JOjnvA4egAAAAAA5NeTH5J0xhDSXt1hBgxZaziOR8rKc7Yk/d1r1th9/SvVzc4HPOl0qm0SnwKTR5GBJycqxIcGBBYjGManQiIgHlgAAAAAAAAAAD09h68m6yeGimRJxkKFTLSwWfe1RYy7hqiczIyJ+E3v6U6uwD5x2zsZaKwFo5uy1qac+Tn5N/Bex3Q5Op7V/Oaqc6KgEQAB7a8lD/wDEJY3+9R//ALaKB9PgAAAAAAAAAAAAAAAADh99kO9E2N/vE1/pYBwoAAAAAAAAAAAAABv7CPvozmerGd+9EMyNGQchfISm+TeULTYV93KZCcg+/wAzhf8AtLA+hZoAK9ByjR2gVwAGRAAV6DlGjtArgAMiAAAa4ABIr2T6WwCQAA1wACRXsn0tgEgABrgAEivZPpbAJAADiX9kolb4lg51E6G1CEvjBVP8lJI4RmR4Ffbw6LON9kpR6sNAAAAAAAAAAAAAAAB+sp+VwP7Vn+pAPsJZ/wBAUz+5QP8AbaB54AABj7bYXcHODmblpG2tqZWlR5uGsWCyMjlV7UW5VS5F6wM3/KjwCf8AqRTv8MT+EB/KjwCf+pFO/wAMT+EC3Z/DhgitRMNlKHhDokxMPW5kFZprIjl7muuVQNw1zXNRzXIqKl6Ki3oqAdQAADxqnTZKsU6apNSl2x5ScgvgRobkvR7HJcqeCgfJfCdY2Ng/wgV6x0a9cWTsSDDcv50O+9jvi1WqBmAAAAB788lDyf1wt2mdaG0cu75MUWI1YyLzJNx+lIKd3W7u5uvmD6MS8vAlIEOVlYLIUGC1GQ4bGo1rGolyIiJ0IgH6AAAHRVREVVW5E51UD1/bLD9gfsFFfLWkt1ToUzD5nS0ByzEZq97IaOVPiB68mPLlwGQIiw4ceuR0vu4cOQ5vf5zkX9wFeheWPgErcVsB9qo1OiPW5EnpOJDb8XIitT4qgHtyh2ioFp5FlTs7WZKpSkRL2xpWO2Kxfi1QKIAAAA9NeUtgEp+GayT48hAhwrTUuG6JTpi5EWKnSsB69bXdXYvxA+aU7JzVOm40hPQHwJiWiOhRYb0ucx7VuVFTtRUA/ED215J6KvlCWNREyqP/APbRQPp/wH+qvgA4D/VXwAcB/qr4AOA/1V8AHAf6q+AHRUVOlFQAAAAOnoA68B/qr4AOA/1V8AHAf6q+ADgP9VfABwH+qvgBw9+yHoqUmxl6Kn3xNf6WAcKAAAAAAAAAAAAAAbuwK306YTsip/kZkacg9yeSFEVnlB2XRF/D5W1f2WKuwsD6tGgAkV7J9LYBIAAa4ABIr2T6WwCQAA1wAAAAASK9k+lsAkAANcAAkV7J9LYBIAAa4ABIr2T6WwCQB2qt4HGj7JBIOiWMshVUTzYFTjS6r3vhK7/2EkcCDI8apQ+Np01D9aC9P3KB6m6OY2AAAAAAAAAAAAAAAH6yn5XA/tWf6kA+wln/AEBTP7lA/wBtoHngAAHBb7IT/wAbWV/7bG/3EA4oAAAHJ/yR/KNtDZ61lPwb2tqsaeoVWiJLSb5h6ufJx3czERy8/ActyKi9F6KBz5AAAAHzs8uejw6bhwdOQ2oi1OlS0y9UTpcivh/5Q0A49AAAFOzFnana20NOszR4KxZ2pzLJaC1PWct1/uTpX3AfV3BpYGkYMrE0uxlGhtSFIQUSJERLljRV53xF71df+4DUAAAE60NoKPZWizlobQT8KSp8jCWNHjxFuRrU/wA17E6wPn1h48rm2OEmcmKHZCbmKFZprlY1sFysmJtvrRHJzoi+qnxvA4+qquVXOVVVedVXrAAANDYnCDbHB3VmVmx1fmqbMNVFckN/mRE7Hs6HJ70A+gnk4eU1SMM8ktDrMODTrUysPhRZdq3Q5pidMSFf+9vV7gPeYAAAA4KeXTggh0C0ErhSokqjJOtO5PUmsbzMmkTzYmmic/eneBxSA/eSnp6mTUOeps7HlJmEqrDjQIrocRi3XczmqipzKvQBY+2Db79erRf+Uj/xAPtg2+/Xq0X/AJSP/EA+2Db79erRf+Uj/wAQD7YNvv16tF/5SP8AxAPtg2+/Xq0X/lI/8QHM3yB67XK5Z61sSt1qfqLoU5LJDdNzL4ysRWPvRFeq3AcrAAADF4apmZk8EdsJuTmIsCPBos2+HFhPVj2OSGtyoqc6L3oB8uvtg2+/Xq0X/lI/8YD7YNvv16tF/wCUj/xAPtg2+/Xq0X/lI/8AEA+2Db79erRf+Uj/AMQD7YNvv16tF/5SP/EB4FUtFaGuthtrdeqVRSEqrDSbm4kZGKvTdw1W74ATwAAAAAAAAAAAAAbmwH5BM/2qf5GZGpIPb/klI5fKCsnwenjJrw5LFLA+ryLeaHUCRXsn0tgEgABrgAEivZPpbAJAADXAAAEjH2Z6+4Bj7M9fcA9N+x4nS4V/h2AMQ55qbwGIc81N4DH2Z6+4Bj7M9fcA9N+x4nS4V/h2AMQ55qbwGIc81N4DH2Z6+4Bj7M9fcA9Nex4nS4V/h2Adq0K/LNTeB2OoWeam8Djf5eKrWsCbJlJXg4uq0vG4XCvu4SOZ2f0iSPnaZHR7Ue1WL0OS4D1DMQ1hR4kJ3SxytX4KbHYAAAAAAAAAAAAAAB+sp+VwP7Vn+pAPsJZ/0BTP7lA/22geeAAAcFvshP8AxtZX/tsb/cQDigAAAefZ6LHgV+mRpVzmxmTkFzFb0o7hpcB9iGq5Workucqc6d4HUAAA4AeX3HhPwu0qAxUV8KhwVd8Y0W7/ACA4zAAAHKfyCcHrK1bWqW/noHCg0GCkvKq5OblEVOdU70Zf/iA54gAAADgT5beGuPae1K4LqFOKlJob0WfWG7mmJvravajOj+tf2IBxdAAAAAClZu0VXsnXZK0dBnHys/T4zY8CKxblRyL0d6L0KnYoH1SwPYSafhYwf0u2cjwWRJmHwJuC1b+JmG8z2ePOncqAbQAAAxeGSwkvhJwaV6yEWEj4s3KufKqqc7ZhicKGqdnnIifFQPk9HgxZaNEl4zVbEhOVj2qnOjkW5UA7AAAAAAAc3vsef/DdsP77K/6HgcugAADDYcv+TltP+xzn+04D5QAAAAAAAAAAAAAAAAAAAAA3lgW3UyM7tjbDMjTEHu7yMpF0/wCUNZtiO4KQ4c29XXX3JyeIm0sD6bJX+tJPX3Gh3JX0XI9fcB19N+x4nS4V/h2AMQ55qbwGIc81N4DH2Z6+4Bj7M9fcA9N+x4nS4V/h2AMQ55qbwGIc81N4DH2Z6+4Bj7M9fcAx9mevuAkAAK9ByjR2gVwAGRAAV6DlGjtArgAMiAAq0JfyhP6u0Cq5QPyc64D0D5StJx7gRtZKozhvgyfKmN7XQ3I5CSPmQZAD1daKByatzkO66+Ir0+PPtNQJxQAAAAAAAAAAAAAB+sp+VwP7Vn+pAPsJZ/0BTP7lA/22geeAAAcFvshP/G1lf+2xv9xAOKAAAB7r8lfA3V8JmEanVaLIxEs/Q5hk3PTLm+Y9zFvbBRetXKiX3dCXqB9LQAAAB8vvKitpAtzhstDUpKMkWUk4rafLuRb0VsFOCqovYr+EvxA9UAAAH0m8jSybbM4DKVNuhcGPXIsWoxFVOdUV3BYi+5G/vA95AAAGawlWug2DsDXrXxnImK5GLHh39cS65id/nKgHyTn56aqk9MVKeirEmJuK+NFeq3q57lvVfFQPwAAAAAABy28gG3sSStHXMHU1H+4VGBjGUaq9EaHc16J72Ki6AHOIAAAAfLbyl7JtsdhutRS4MPgS8eb5dAREuTgRkSJzdyOc5PgB6wAAAAAABze+x5/8N2w/vsr/AKHgcugAADDYcv8Ak5bT/sc5/tOA+UAAAAAAAAAAAAAAAAAAAAAPYVh2cChovrxXr/kZkaAg5HeQRJLNYe4cbg38kpE3Gv7OdjP/AHlgc/WqaHei9YFmg9Exo7QK4ADIgAK9ByjR2gVwAGRAAAAACvQco0doFcABkQAFeg5Ro7QK4ADIgFW4CnQluSY0doFNzgPxe8D13aKmw63QalRYrUc2flIssqL0eexWp/mB8m6jJvp9QmZCKio+WjPhORem9qqmwwPHAwVvJbiqpDmETmjQv3ov/wDw1AzRQAAAAAAAAAAAAAB+sp+VwP7Vn+pAPsJZ/wBAUz+5QP8AbaB54AAB6nwx+TfYjDdVKfV7U1OsysanQHS8JJGNDY1WuciqruGx3PzAevv5AWB/9YrWftUv/wDCA/kBYH/1itZ+1S//AMIFqz/kRYDaLMMmJyRqtXVi3o2enPMv70ho1F9y8wHvCiUGi2apsGj2fpcrTpGAnBhwJaEjGNT3IB54AAB6K8qfD5T8FFkY9Bo84x9qaxBdCloTXXulobkudGd2c34PavuA+br3viPdEiOVznKrnOVb1VV6VA6AAOrWLEcjE6XKieIH10wc0hlAwf2borGcDkdKlYTk/pJCbwv33gaMAAA47eXTaB9IwKpS4b+C6s1OBLLd0q1t8RU1APngAAAAAAAB7L8m20D7NYcLIVBH8BkSoNlIq3/zcVFhu/c4D6mgAAADgN5f1FbJ4T6LWms4OMqSjFXtWFEVP/egHGAAAAAAAHN77Hn/AMN2w/vsr/oeBy6AAAMNhy/5OW0/7HOf7TgPlAAAAAAAAAAAAAAAAAAAAAD2bZaDxNBlGqnO5quX4qqmZFUg5cfY6aXx9vbUVlW/kVLhQUXs42J//rLA5nsdeaH6tUCzQF/KE/q7QLIADIgAK9ByjR2gVwAGRAAANcAAkV7J9LYBIAAa4ABIr2T6WwCQAA1wHYq3gRbQL+T6WwCE9wH4Pd1gaCLFu6APln5TNlfkjhttRT2Q+BAmZrl0BLubgRkR9ye5XKnwMyPVxBmrdynHUyHNNS9YETn9ylgYI0AAAAAAAAAAAAAAP1lPyuB/as/1IB9hLP8AoCmf3KB/ttA88AAAAAAAAAAAcefKSw/YRsGcnHkbIYOaijHNVuP5mFxkrD72Nbfz977k94Hz8r1frNp6tM120FSjz8/NvWJGjxn8Jz1//nUB4AAAB5lGl+V1eRlU/npmEzxciAfYmCxsOEyGxLmtaiInYiIB3gAAHEL7IZOuZQbH06/zYs3Mxl97WNT/AN4HCQAAAAAAACvY+bfIWtok5DW50Goy70+kaB9geEjvOTodzoAAAAOGH2Q+Ubxti5+7zkbNQb+5VauwDhsAAAAAADm99jz/AOG7Yf32V/0PA5dAAAGGw5f8nLaf9jnP9pwHygAAAAAAAAAAAAAAAAAAAA1FcqNRL1VbgPbklB5NJwJf/pw2s8EMD9gOa/kFUbk9krSV97LnTc9DlmL2tYy9f3uNQObDHlH7tdeBMrq3pL6WwCYi3gANcAAkV7J9LYBIAAa4AAAAAJFeyfS2ASAAGuAASK9k+lsAkAANaq8wHY5eoCHaF3NL6WwCC9wHixolwFyPFuvA4Q+XxZFYdas9buBD8yagvpsw5E/PYqvZ4o5/ghmRxLIPGqcok/T5iUVPxjFRPf1fvKPU7muY5WOS5WrcqGh0AAAAAAAAAAAAAB+sp+VwP7Vn+pAPsJZ/0BTP7lA/22geeAAAAAAAAAAAOyNBgzEJ8CYhMiwoicFzHtRzXJ2Ki9IHFbyh/I2o1oJOatfgpkodPq8NHRY9Lh+bAmuteLT8x/cnMvcBwXmZaYk5iJKTcB8GPBesOJDe25zHItyoqdSooH5gAKllHNbaikOd0JPQFX6RAPsG38FPcB1AAAOG32RBruJsQ9OhHTyL77oIHDAAAAAAAADzqCirXaaidKzkBE+kaB9hoCKkCGjulGNRfAD9AAADh39kOcmL7Gs6+PmV+HBQDhWAAAAAADm99jz/AOG7Yf32V/0PA5dAAAGGw5f8nLaf9jnP9pwHygAAAAAAAAAAAAAAAAAAADz6FKrOVeVgXXosRHL7k59hJHtMyAH0X8lGg/J7ApQ0czgxKisWfff0+e+5P3NTxNQOSUN5R5LHATq4v5PpbAJqLzgdQNcAAkV7J9LYBIAAa4AAAkY+zPX3AMfZnr7gHpv2PE6XCv8ADsAYhzzU3gMQ55qbwGPsz19wDH2Z6+4B6b9jxOlwr/DsAYhzzU3gMQ55qbwO1a9z/kevuA/N1fzPX3AfhEdjv2PE6XCv8OwDxYlFuT8s1N4Hgx6P0/fmpvAmzFob7/vTX3AenfKYpCW8wT1eQhSV81II2oS633rwofO5E5utt5JHzxMgB63tbT+Q1mI5rbocx91b8en95qBFKAAAAAAAAAAAAAfrKflcD+1Z/qQD7CWf9AUz+5QP9toHngAAHHDyovKRthgRtDRaRZulU2bhVGUiTER001yq1zXoiIlypzc4HpP+X9hU/Vqz/wDgifxAP5f2FT9WrP8A+CJ/EB5tP+yC2+gxUWpWIok1D60hxYkJdoHuTBn5beDS205BpFpZWYsxPR3Ixj5l6PlnOXq4xPwdJPiByIhxGRWNiwntex6I5rmreiovQqKB3AAAHCDy58C8tR52Xwt2flEhwKhFSWqzGNuakdfwI2ldcveiL1qBxGAAfvT4zpeflo7VuWHGY9Pg5FA+xUhMsnJGXnIS3sjwmRG+5yIqf5gfuAAAcTPshNNdEsdZWroy9JepRZdV7OHCv/8AYBwaAAAAAAAA0GDymvrFvbO0uG3hOmapLQ0Tt+6NA+vDulbu0AAAAcJ/sh0+1atYymIvOktNR3J2ecxE2gcPwAAAAAAc3vsef/DdsP77K/6HgcugAADDYcv+TltP+xzn+04D5QAAAAAAAAAAAAAAAAAAABqLBSfGz0adcnmwWcFF713EkboyPLpNOmKxVJOkyjFfHnY8OXhtTpVz3I1E8VA+sNlrIQLP2fptClptOKp8rClm3M6mNRL+nuNjQQa/zJ96a+4Dy2WgzPX3AeQxcd+x4rS4V/h2AfolC5vyzU3gd+Ic81N4HXH2Z6+4Bj7M9fcA9N+x4nS4V/h2AMQ55qbwGIc81N4DH2Z6+4Bj7M9fcAx9mevuAkAAK9ByjR2gVwAGRAAV6DlGjtArgdAMeq8wH5PW4DzaK78o0doHlx39IE2YidIGCmYtyXXgRp1zIzHwYrUcx7Va5q9CovSgHzxwoWTiWKt3V6ArFSFCjuiS6r+dBd5zF8Fu96KZGVIM/bSm8spfKobb4kqvC0essD16aAAAAAAAAAAAAAP1lPyuB/as/wBSAfYSz/oCmf3KB/ttA88AAA4LfZCf+NrK/wDbY3+4gHFAAAAAc7/IXwuVG1Nnqhg5r02+YmaCxkeQiRHXuWVctysVevgOuu7nIgHKkAAAxuGGyEvbrBjaSzEeEj1mpCK6Dzc6RmN4TFTv4SJ4gfJp7HQ3uhvS5zVVq+9AOgC9U506U6APrJgWrzLS4JrJVpj0dx9Jl2uXtexqMd+9qgbQAAA9HeWVZd9pMBVXjwIavjUeNBqLbkvuax1z1/wuUD5sAAAAAAAAe4/JHsu+0+Hezv3NXQaU99SirdzN4pqq1V01anxA+moAAAA+efl219tUwzQqTDfe2kUuDCcl/REernqngrAOOYAAAAAAOb32PP8A4bth/fZX/Q8Dl0AAAYbDl/yctp/2Oc/2nAfKAAAAAAAAAAAAAAAAAAAAPZFkZBZGjQ1elz4/3V3uXo/cZkWiD3L5JtjflbhlpUePC4crREdUot6c3CZzQ09/DVF0SwPpFLRTQjwH9AHnMXmRQL1nV/KNHaBeaoH6J0AZIABXoOUaO0CuAAyIAAAAAV6DlGjtArgAMiAAr0HKNHaBXA6O6AMc4D8IigebRl5pjR2gfvHf0gS5mJ0gev5qL0gSJqLzLzgcb/KrsUs/S5S3UlBviSD0lJtUT+acqqxy+516aRJHGEyOj2NiMdDeiK1yKiovWgHqyt011KqUWUVPMReFDXtavQbgeCAAAAAAAAAAAAH6yn5XA/tWf6kA+wln/QFM/uUD/baB54AABwW+yE/8bWV/7bG/3EA4oAAAADkT5CkePCw3OhwlXgRqRMsiXdbUVi/5ogH0PAAAOioioqKl6KgHyAtnJMptrq3T4aXNlqhMQkTuSI5AI4AD6DeQnbJtdwTTFmYsW+Ys9PPho1V5+Jiee34X8JAOSQAAB4Fdo0naKiT9BqLOFLVGWiS0VLr/ADXtVFX994HyUt5ZCo2CthVrIVWE5kxS5p8DnT8JqL5rk7UVtyoveBBAAAAAABzk8gbBvFpdnqvhKqEurIlXckjIq5OfiGLe9ydzn3JoActAAADtiRGQobosRyNYxFc5VW5EROlQPk1hhtd8u8J9pbVNeroU9UIqwFX/AKLV4EPUa0DHAAAAAAA5vfY8/wDhu2H99lf9DwOXQAABhsOX/Jy2n/Y5z/acB8oAAAAAAAAAAAAAAAAAAB5tFp7qnUoEoiea517+5qdIke1GtaxqMalyIlyIYHUDm55E1ikolip62c1B4MzXY/FwVVOfk8JbvBXKvgagcoZWJzIUSpd/MgFGC69AL9nV/KNHaBfaoH7J0AZIABXoOUaO0CuAAyIAABrgAEivZPpbAJAADXAAJFeyfS2ASAOjgNS9QPHiKBnbRO/EaWwDMzDukCXMP5lA8+bidIEScidIGEt/S5O0NGj0SoMR8CdgxIL07L7rlTvRbl+AHAS0VDnLN1ydoc+xWxpOM6Gv9JE6HJ3Kly/EyJpBnbZ0jl0gk7BZfGlr1W7rZ1+HSWB6/NAAAAAAAAAAAAP1lPyuB/as/wBSAfYSz/oCmf3KB/ttA88AAA4LfZCf+NrK/wDbY3+4gHFAAAAAcvfsf1hZyJWq/hEmYDmysCXSlyr1TmfEc5r4l3uRrU0lA5tgAAHRyoiKqrciIB8f7YTrKjaytT8N3CbMVCYiovaixHKBIAAe9/I3wlMsFhbl6XPzHF020rEp8ZXLc1sa++C5dLzdMD6QgAAADi15Z2ACYtnTEwnWRkVi1ilweBUYENt7pmWb0PRE6XM/e33IBwMVFRVRUuVOlAAAAAA9gYE8D9ewy2zl7O0yE+HIwnJFqM5wfMl4F/Pz+svQida914H1Hs7Z+lWVoUjZyiSrZeQp0BkvAht6mtS7xXpX3gUQAAD095VWElmDjBBVYsCOjKlWmrTJJEXzuFES57k9zOF4oB8yOnnVbwAAAAAAAOb32PP/AIbth/fZX/Q8Dl0AAAYbDl/yctp/2Oc/2nAfKAAAAAAAAAAAAAAAAAAAbqw1K5PKPqUVvnx/NZf1MTr+KmZGoIKVnKHN2lrshQZBvCjz8dkBndevOq9yJevwA+iNlaTJ2cochQqexGS8hAZAhp2o1On3qt6r7zY1Mo8D2BLP5kApwHdAHi1peaX0tgHhMUD92/goBrwAEivZPpbAJAADXAAAAABIr2T6WwCQAA1wACRXsn0tgEgDtXpA1LwPGiqBnLRr+I0tgGXmXdIEqaf0gebOP6QIc4/mUDJWif8AifjsA41+UbYzj4UC2kjB8+FdAnOCnS38x6+7o+KEkegTIKiORWql6LzKgHrS01HdSKg5rG/cI3nw17O1PgaiRIKAAAAAAAAAAB+sp+VwP7Vn+pAPsJZ/0BTP7lA/22geeAAAcKvLxsraW0FsrMxqFQKhUIcKnRmvdLS7oiNXjE5lVE5gOL/2tsIX6kVz9hifUA+1thC/UiufsMT6gPNp2BzCtVoqQadg7tBHcvU2QifUB7mwY+Q3hFtJOQZu374dnKWjkdEh8NsSbiN7GtbejPe5b07FA50WPshZ+wdnJKytmJBkpT5FnAhsb0qvW5y9blXnVQLQAABj8L1rYFh8GVpLTx4yQ1lKfF4pVXpiubwWInfwlQD5MPe6I90R63uequX3qB0AAd0KLEgRWR4L3MiQ3I9jmrcrVRb0VAPp15M+GSWwv4O5aZmphuPaU1spU4V/nK9E82Ld2PRL/feB7cAAAOipfzKBxhw7+RfRLczUxarBzMS9FrEZViR5OIl0rMvXnVUu/FuXuRU7k6QOHtssCeFSwMd8G01ianAYxbkjw4KxYLv6r2XooGMfKzUJ3Biy0Zjux0NUUDzabZu0VZjslaTQahORYi3NZAlnvVV+CAe98FvkU4TLZTEGdtjBWy9JVUc9ZhEWae3sbC/NXvdd7lA5z4OcGlkcFdnYVmrH01stLt86LEd50WO/rfEd1r/l1AakAAA7YkSHBhuixXtYxjVc5zluRqJ0qqgfNLyq8MqYWsIkSFSphX0ChcKUkLl82K6/7pG0lTm7kTtUD0sAAAAAAABze+x5/wDDdsP77K/6HgcugAADDYcv+TltP+xzn+04D5QAAAAAAAAAAAAAAAAAHn0SlxKtUIcq1F4F/CiL2NTpEj2jChMgw2wYTUaxiI1qJ1IhgdwHIXyV7CrFnJi30/A+5wVWVkVcnS/m4b09yKifFSwOU0o+9DQtSb+ZAPYMq7mQCpAdzIB+FZXml9LYB4cMDyGfgoBrwAEivZPpbAJAADXAAAEjH2Z6+4Bj7M9fcA9N+x4nS4V/h2AMQ55qbwGIc81N4DH2Z6+4Bj7M9fcA9N+x4nS4V/h2AMQ55qbwOx1B6fvzU3gfk+vZnr7gPFiV7M9fcB4Udcc3/wA1xWlwr/DsAlzNE51+/NXeBIm6N0/fervAiTdbvRfvXW3AQ5utX3/eutuAizbsaoq/i+L+PCv8OwDP1mzkrVJGYp089IsCZY6HEareZWqnvA4Z26slOWJtLN0KaRXNhu4UCIqc0SEv4Lvr77zIz5BPrlJhViQfLOuSInnQ3eq4sD1hHgRZaM+XjMVr4aq1yL1KaHYAAAAAAAAAAfrKflcD+1Z/qQD7CWf9AUz+5QP9toHngAAC9U6FAXr2qAvXtUBeq9KgAAAAAA4UeXVhll6hGlsEVAnEiMlIjZqsOYt6cYifc4PvS/hL8O8Dh8AAAANxgdwsV/A7bOWtVRXLEhc0KdlFdcyZgKvnMXv60XqUD6e2At9ZrCXZiUtZZaebMSc03zm3+fBf+dDenU5F6gNGAAAAOi86Ki86LzKnaB4EWz1n47+Mj0GmxHKt/CfKQ3Lf71QDyZWSkpFqskZOBLtXpSDDaxP3IB+4AAAAAcPvLC8paBKys1gmsFUEfMxkWFWZ2C7mhN64DHJ+cv5y9Sc3bcHCgAAAAAAAABze+x5/8N2w/vsr/oeBy6AAAMNhy/5OW0/7HOf7TgPlAAAAAAAAAAAAAAAAA6ta5zka1FVVW5ETrA9kWYojaRIo6K374jIjoi9nY0zMiyQUrOUGftNW5OhU2Gr483FSGnNzNTrcvciXqBz2sVZ2n0ez0hZ2lw+Il6bCSGi9KxFX8Jy9HOqoq/E2NhJ0hOb761d4FuTo+d6m8C1LV3mT7019wFWBXeZPvTX3AUIf/wBa9lxOlwr/AA7APKh0LPNTeB5LKD5qffmpvA7sfZnr7gGPsz19wD037HidLhX+HYAxDnmpvAYhzzU3gMfZnr7gGPsz19wDH2Z6+4CQAAr0HKNHaBXAAZEABXoOUaO0CuB2O6wMZEA8Z/SoH70pfyjR2gdZrpUCNNr0oB69m1uaoESaW+8DxpNVVI/w2gfjMqB6qw22A+Wdn+WSEFFqlORYkG5OeKz86HtTvJMDim5qtVWuRUVFuVF6jI6AZi2Fn1nIa1KTh3xoafdGon4be33oWBhDQAAAAAAAAAP1lPyuB/as/wBSAfYSz/oCmf3KB/ttA88AAAAAAAAAAAdHOaxqve5Gtal6qq3IidqgcYPKJ8sKh2QlJqyODOdg1OvREdCjT0NeFAkupeCvQ+J2XcydfYBwMnJyaqE1Gnp6YiR5iYe6JFixHK5z3qt6qqr0qqgfkAAAAAHsHA3hstfgXtAlVs/H46SjqiT1PiuXiZlqf6XJ1OTn96cwH0UwR4c7B4Y6U2bs3UWwp9jUWZpsdyNmIK9fN+c3+knMB7DAAAAAAAAAAPwnp6SpkpFn6jNwZWWgNV8WNGejGManWqrzIBw18oryzmTcCasVghm3Ix6LCm62nMqp0K2B/H4doHDl73xXuiRHue96q5znLeqqvSqqB0AAAAAAAAAc3vsef/DdsP77K/6HgcugAADDYcv+TltP+xzn+04D5QAAAAAAAAAAAAAAAANhY2zyqravOw+bpgNX/V9RmZGyIAHJPyfMH60OnrayqQLp2fZdLtcnPCgr19yu/wAjUQOQ1nF/HaO0o18kvQBckgPBlvwUAqy/QgGms70R9HaBoYYHlM/BQDJgAK9ByjR2gVwAGRAAAAACvQco0doFcABkQAFeg5Ro7QK4HY7rAxkTrA8V/WB5FLynR2gdZrpUCLN9KgevZvoUCJNdYHjSfRH+G0D8ZkCbHA4x4ZLArTJt9qaVB+9Zl33yxqc0KIv53uX/ADMzA9WEADD2tsysu51UkGfcnLfFYifgL2p3GokZUoAAAAAAAAfrKKiTUBVW5EisvX4oB9ZqFb6wjKHTWPtvZ9rmycFFRapARUXgJzL5wHnfbAsD+vNnv/KQP4gH2wLA/rzZ7/ykD+IB9sCwP682e/8AKQP4gH2wLA/rzZ7/AMpA/iAfbAsD+vNnv/KQP4gH2wLA/rzZ7/ykD+IDtfhEwfw0vfbqzyf/AOUgfxATp3DJgnpyKs5hFoEO7snmO/0qoGRrfla4AqI1yut5AnXN/NkoESMqr8EA9V2u+yB2VlGPg2JsZP1GL0NjT0RIEP33JwnL7uYDjhhL8prC3hQZEkqvX1kKbEX8gpyLBhKnY5UXhP0lUD1UAAAAAAAAA8uk1eq0GoQatRajMSM5LuR0KPLxFY9i9yoByfwX+XhaqhQ4NMwlUdK7LMRG8ullSFNIna5PwX6q+8Dk3YnymsC1u2Q2U22krJzT8lqC8miIulzL4gezpaalpyC2Yk5mFHhO52xIT0e1fcqcwH6gAAADP2lwg2GsdBfHtRa2lUxrPwmzE01r/wDDfwv3Aeg8IXl3YOqAyLKWFps1aOcS9GxXIsCWRe3hL5zk9yAcSMKWH3CXhcjuS09bdDp6Ovh06UvhSzNG+9y97lVQPXQAAAAAAAAAAA5neQPaOztDs9a2HW6/Tac6LOSyw2zc3Dgq9EY+9UR6peByr+2BYH9ebPf+UgfxAPtgWB/Xmz3/AJSB/EA+2BYH9ebPf+UgfxAYvDVbexU5gjthKylsaFHjxaLNshwoVRgve9yw1uRER16r3IB8ugAAAAAAAAAAAAAANHZazLqjEbPTrFSVat7Wr/OL9RJkb5rWtajWoiIiXIidRkdQPYmB7B262FYSp1GEuKpF6OiXpzRn9KMTu7SxA5UyjWsuYxqNa1EREToRDQ1lnOiNo7QNdJAXZNOgDwJb8FAK0v0IBpbO9EfR2gaKGB5TPwEAyYACvQco0doFcABkQAADXAAJFeyfS2ASAAGuAASK9k+lsAkAdjusDUROgDxYoGbtInPA0tgGWmE5wJE2nSgHmTicygQpxOkDJ2hbzQtLYBl5hOYCbHQDzalJStRlY0jOwWxoEdiw4jHJejmr0oBxVwmYPZuwtYVsJr4lMmVV0rGXqT1HL2p+8zPwGMIOjmtc1WuRFRUuVF6wMNaeyj5Nz5+nMV0Bed8NOlnu7jUSMuUAAAAAAAAO3gM9VPABwGeqngA4DPVTwAcBnqp4AOAz1U8AHAZ6qeADgM9VPABwGeqngB14LU6EQDqAAAAAAAAAAAAAAB0uv6QLFHthayz0RItCtNVKe9OhZabfDu8FA21O8pfDtTGo2Xwl1iIifpERI3+tFArs8r/yhmN4KW/cqd9PlVX98MDx5rysfKAm28GLhEmm/wBlLQIa6rEAy1Zwz4WbQtdDrGEWvzMN3TDdPREZ/hRbgMfHmJiaicbMx4kZ/rRHq5fFQOwAAAAAAAAAAAAAHRWovSiKB04DPVTwAcBnqp4AOAz1U8AOvBanQ1PADqAAAAAAAAAAAAADTWasm+eVs7UWKyXTnaxeZYm4kyN2xjIbEhw2o1rUuRETmRDI6gaKw9i6jbWssp8o1WS7FR0zHu5obPrXqQo5lWZoNNs3Spai0mXSDLSzUa1qdK9rl7VXpVTQ00o3nA8icTmgfHYB5UknQBZk0A9hyreZAK0unMgH5VlPNl0/rbAPDhgeUz8FANeAAkV7J9LYBIAAa4AAAAAJFeyfS2ASAAGuAASK9k+lsAkAdq9YGoeB40VAM3aRPxGlsAy8ynOqgSZpvSB5k43mUCHOM6QMlaJnNC+OwDLzDeZQJ0doFGK0CLaOz9NtNSo9Hq0BIkCMnxY7qc1epUA4r25sPVLD1VZKdasSXiKrpaYRPNit2KnWhkZsgKiKlypeigZG0VjkiK6dpDERy874PUve36ixIxj2PhvWHEarXNW5UVLlRTQ6AAAAAAAAAAAAAAAAAAAAAAAAAAAAAAAAAAAAAAAAAAAAAAAAAAAAAAAAAAAAAAAAAAAAAAAAO+DBizEVsGBDc97luRrUvVQNpZ+xrJfgzlVaj4qc7YXS1vv7VMzI1aIiJciEAC5ZKyNVthVG06nQ7mJcsaM5PMhN7V2IUcnLI2Wplk6VCpdMhXI3niRFTzor+tymh7Ilm86AV5Ri3oB5E438R8dgHkybQLMm3mQD2FKt5kAqwE5kA/GspzS+lsA8OGgHks/BQDXgAJFeyfS2ASAAGuAAAJGPsz19wDH2Z6+4B6b9jxOlwr/DsAYhzzU3gMQ55qbwGPsz19wDH2Z6+4B6b9jxOlwr/DsAYhzzU3gdrqDz/lmpvA/J1dzPX3AePFruZr/j3AeHHRKz7LitLhX+HYBNmaD0/fepvAlTVC6fvvU3gRZur33/AHprbgIk5Ven711twEWbh41Rf5vi/jff4dgEeZot198zq7wJkejZzq7wPAjVLn/JtbcB4r6lz/k+tuAj2gs/TbaU6JTKpA+5dSpzua5ehzV6lS4DjdbvB9V7DVBYU01Y8lFVeImmp5r07F7Hdxn5DLEACTWrNSFYar3N4qYu5orU/wA06y5jCVWg1CkPumYV8O/zYjedq/UazE4AAAAAAAAAAAAAAAAAAAAAAAAAAAAAAAAAAAAAAAAAAAAAAAAAAAAAAAAAAAAAAAAAAAAAFmkWWqVVVsRWcRAX+cenSncnWTMbmk0Kn0dl0tDviKnnRHc7l+ogoEADWWCwdVq3c/xcoziJKE5OPmnp5rE7E7XdxRyXsxYSlWXpzKbSVSGxOd71b50R3rOW/nU18hooFH50++dXeBSlql0fe2tuArSlT6PvXW3AWpOHjZf+lxXx4V/h2AW5ShcyffWpvAtSlB6PvvV3gV5atXXfemvuAqQK10femvuA82G3HV38zxOlwr/DsA8plA6PvzU3gfu2g+an35qbwO7H2Z6+4Bj7M9fcA9N+x4nS4V/h2AMQ55qbwGIc81N4DH2Z6+4Bj7M9fcAx9mevuAkAAK9ByjR2gVwAGRAAV6DlGjtArgdrgMc9APwiIB5lHbekxo7QP2mGdIEqZh9IHr6ah9IEebhcygePJQuaY5uzaB+M1C6QJUxCAx0aEB4cSHcoHkU5n434bQFVpFPrMlFp1UlIcxLRk4L4b05vf3L3gcecImByp2YdFqtDbEnaWiq5yIl8SAn9JOtO/wATMwPWpAA6PhsisWHEY17Xcyo5L0UDNVWxElNK6LT38niLz8Fedi/UWJGSqNCqlLX76lncDqe3navxLmPAKAAAAAAAAAAAAAAAAAAAAAAAAAAAAAAAAAAAAAAAAAAAAAAAAAAAAAAAAAAAAAAACIrluaiqq9SAWqdZKr1C57oXJ4S/nROZbu5OkmY1tKsjS6bdEiM5RGTn4UROZF7kJmLfR0EADqiK5UREVVXoRAPZdhMD09WFh1O0jXyklzObB6IkVO/1U/eWIHIGzNMkqXKLI0+WZAgQkajIbEuROk0NFBh9AHnwIXOgHgy0K9U5gK8rCuA1Vm4X47R2ga6ThdAFmUh8wEuWZzIBSgN5kA0Nnk/KNHaBoGIB+zegDJAAK9ByjR2gVwAGRAAAAACvQco0doFcABkQAFeg5Ro7QK4HRegDHOA/KIgHmUZv5Ro7QPJjs6QJkzD6QMDNQukCPMwulAPxkoPNMc3ZtA/Kag9PMBJmYN1/MBjI8HuA8KLCA/anQ/x3w2geS6GB+b4SORUVL0XmUD05bXA9TK4r6hQlZIzq+c5l33KIvu/NX3EyHpWtUCr2em3SVXkokvETo4Sea5O1q9CoZE8AAVEcitciKi9KKBHn7KUafvcsvxL1/Ohc37uguYz87YGch3ukZpkVPVf5q/UXMQ5uhVeSv5RIRURPzkThJ4oXMeCqK1blS5e8AAAAAAAAAAAAAAAAAAAAAAAAAAAAAAAAAAAAAAAAAAAAAAAAAAAAAAAADqyG+IvBhsc5V6kS8CpJ2Xrc5crJJ0Nq/nRfNT6yZi9JWAYlzqhOK7+hDS796jMaGQolLpqJySUY1yfnrzu8VIPOIAADQ2UsHaW2UwkKjyDlgotz5iJ5sJnvd1+5Oco91WMwUUKy/AnJtqT9QTn42I3zGL/RbtUuQ3bYd5RYo0L8b8NoF2DC5wKEvB6OYDwZWB0AVpWDeqcwGrs3B/Hc3q7QNZKQujmAsS0Po5gJEBnMBQhtuQC/Z1PyjR2gXmoB+qdAGSAAV6DlGjtArgAMiAAAa4ABIr2T6WwCQAA1wACRXsn0tgEgABq1TqA/NyAZ+0TfyfS2AQIzLwJ8eHfeBXmYXSBImoPTzAZS0cD8St3rbAMtMwLr1u5gJczL9PNzAUI8DnXmAnxoHcBErMH8TzduwCM+D3Afk6EqAXFhgeBWKBSa9KOkaxT4M3Bd+bEbfd3ovSi+4D0pbfACsq7ldkZxXNfevJJh3Onc1/1+JnIepKrRKvQ5hZWrU+PKxE6ojFRF9y9CgeCQAAADx5im0+a/KJKDEv61Yl/iUTI9jaDGvVss6Ev9B6ogzHgRsH8k7ngT0Zvc5EVBmPCi4P5pPxNQhO/rMVPrLmPGfYWst/BfLu9z1+oZj8H2Nr7eiVY73RG/WMx+brJ19vTT3fB7V2jMfmtma6n/APTYozHT5N135sjeBcw+Tdd+bI3gA+Tdd+bI3gA+Tdd+bI3gA+Tdd+bI3gA+Tdd+bI3gA+Tdd+bI3gA+Tdd+bI3gA+Tdd+bI3gA+Tdd+bI3gA+Tdd+bI3gA+Tdd+bI3gA+Tdd+bI3gA+Tdd+bI3gA+Tdd+bI3gA+Tdd+bI3gA+Tdd+bI3gA+Tdd+bI3gA+Tdd+bI3gA+Tdd+bI3gA+Tdd+bI3gA+Tdd+bI3gA+Tdd+bI3gA+Tdd+bI3gA+Tdd+bI3gA+Tdd+bI3gA+Tdd+bI3gA+Tdd+bI3gA+Tdd+bI3gA+Tdd+bI3gA+Tdd+bI3gA+Tdd+bI3gA+Tdd+bI3gA+Tdd+bI3gA+Tdd+bI3gB3NsxXXdFNi/G5CZj9GWQtA/IbvfEam0ZjyIdh62/8JIDP60T6kGY8uFg/nHfj5+Ez+q1XfUMx50CwEi1b5idjP7moiITMUZeyVBl7l5Hxip1xHKozFOBKSssnBl5eHDT+i1EIP1AAAAF+z9hrUWme3FdKirCctyx4icCGmkvT8Cj2xZbAdSKdwJq0UfGEdOfiW3thIvf1uLkPZUrJS8pBZLSkCHBhMS5rGNRrUT3IUalkHuA8iHB7gPwqEHmg83bsA7IMHqRAKMvL9CXAbiVl+xAK8pA6OYDvqED8n5vW2AfpLQrkvuApy8PrA3cBnMgHnQ2geDW05pfS2AT2gd6dAGuAASK9k+lsAkAANcAAAAAEivZPpbAJAADXAAJFeyfS2ASAAGsd2gdjkAhWib+T6WwCA9vUB4caH08wFqYhX3gS5mD08wGWtHAu4i5PW2AZeZl+nmAlx5e6/mAozEt3cwE+NLdPMBBrcv8Aiebt2ARny93UB+DoHcBcdA7gOxYHcBNqsG7iebt2ARZ+kSFTl1lajJQZmC7pZFYjk3AevrQYCLO1JXRqLMRqbFXn4P4yHf7l50+CkyGCtBgJt/RFdElpBlTgt6HyjuE67+otzv3KTIYOcp89T4qwJ+TjS8Rq3K2KxWr+8g8cAAAAAAAAAAAAAAAAAAAAAAAAAAAAAAAAAAAAAAAAAAAAAAAAAAAAAAAAAAAAUaXZ2u1uIkKk0mamnL/04Sqnj0AeyrO+Tlayo8GLXZyXpcJedWX8bF8E5k8S5D2pZnAfYezvAjPkHVKZbcvGza8JL+5vQhchrKhKw4TJeFChtYxqKjWtbciJzdCFHhpA7gP0bA7gNMyB3AeTCl+4D8qjL/iObt2AdkCW7gKMCBdzIgG4lpbo5gK8tL9HMB1qMD8n0tgCBC6OYCjAhgbmEy5EA8uG0CfXE5pfS2ATUTqA7gNcAAkV7J9LYBIAAa4AAAkY+zPX3AMfZnr7gHpv2PE6XCv8OwBiHPNTeAxDnmpvAY+zPX3AMfZnr7gHpv2PE6XCv8OwBiHPNTeAxDnmpvA6LXr8j19wHatdvyPX3Afk5Md+x4rS4V/h2Afg+z+eam8Dxotn871N4HgxqxmevuAnx6tmevuAmzEDHHVxXFfHhX+HYBMmLO9P3zqbwJkxZ3OdXeBMjz/T95624DwI08n6LrbgPCiyuNOe7i+L+N9/h2AeLEs/nGpvA8d9AT/r6u8D8nTqfo2tuA/NZ1P0XW3Adqy+M+ri+L+N9/h2Adq0LOF/w7wOmI841d4Dlyfoqf4twHiVCXpdWhrBqlFlptipcqRmI7m+KAY+o4DMH1ole+BSHU16fnSsRUTn7G9HV2EyGUqfksS6orqPauIzsZMy6Ov+LVT/ACGQylR8mrCBKKvIotOnk6uLj8BddEJkMpOYJsIckq8ZZebiInSsJEiJ+4ZCNM2WtLJqrZqgz8NU7Zd31EHgRJObg80aVjMu9ZioB+VwHQAAAAAAAAAAAAAAAAAAAAAAAAAAAAAAAAAAAAAAAAAAAAA/SHAjxlugwXvXsa1VAoSllrSz7kbJ0CoRlXo4Mu9dgFySwSYQ5+7i7MTUNF6FjXQ01lQuQ0dO8ni2UyqLPzchJt60V6vdqpd+8ZDZ0HyZaPE86rWgm46suvbBhNhtXxvUuQ3VIwI2FovBdLUiDFiN6HzCLFW/4qMhqIVnYUvDSFLuZCYnQ1kNGp4IpR38uT9F1twHXlqfo2tuA7kl8Z9XF8X8eFf4dgHe2g9H3xq7wP1bQc41d4H7Q53NNbcB5UKdzTW3AebBlca3c3FcX8eFf4dgHnQLPX3JynV3gUZezt933zq7wKcvUUS7701twFOWqfR95624CnLwccey4r48K/w7AKMCzt1333qbwPPg2fzvU3geVDrd2R6+4DyGVzM9fcB+zUx17HidLhX+HYB3NoHXyzU3gd2Ic81N4DH2Z6+4Bj7M9fcA9N+x4nS4V/h2AMQ55qbwGIc81N4DH2Z6+4Bj7M9fcAx9mevuAkAAK9ByjR2gVwAGRAAV6DlGjtArgAMiB0VOsCnQ0/KNHaBSe0Dx4jAMVFh3geFGg39QH60qBekxzertA/WPL338wE2PK9NyAYmNK39CAeBGlOdeYD9aZKqvH+b2bQPIiSncB475RfVAyzpTuA/NZRei4DzqTKr935uzaBQWUVOoDpyVfVAzvJl7FA6cmd1IBRpMs77tzdm0Cisq5eoDpyRewDO8ld2AdeTPuu57gPKptIlI3HcdJS8To/DhNXt7UA/aNZCz8wt8agU96r2yzPqA8SJg5sZG/G2TpbvfLN+oZDMOwY2GdfwrH0pb+n73QmQ7VwWWBX/8m0r9nQZDzqZgmweReN4yxNIddddfLJzdIyHnfagwb/qLR/2ZBkH2oMG/6i0f9mQZCF9quwP6mUr9nQZB9quwP6mUr9nQZDz6ZgmweReN4yxNIddddfLJzdIyHnfagwb/AKi0f9mQZB9qDBv+otH/AGZBkIX2q7A/qZSv2dBkH2q7A/qZSv2dBkPPpmCbB5F43jLE0h11118snN0jIed9qDBv+otH/ZkGQfagwb/qLR/2ZBkIX2q7A/qZSv2dBkH2q7A/qZSv2dBkPPpmCbB5F43jLE0h11118snN0jIed9qDBv8AqLR/2ZBkH2oMG/6i0f8AZkGQhfarsD+plK/Z0GQfarsD+plK/Z0GQ8+mYJsHkXjeMsTSHXXXXyyc3SMh532oMG/6i0f9mQZB9qDBv+otH/ZkGQhfarsD+plK/Z0GQfarsD+plK/Z0GQ8+mYJsHkXjeMsTSHXXXXyyc3SMh532oMG/wCotH/ZkGQfagwb/qLR/wBmQZCF9quwP6mUr9nQZB9quwP6mUr9nQZDz6ZgmweReN4yxNIddddfLJzdIyHnfagwb/qLR/2ZBkH2oMG/6i0f9mQZCH9qywKf/kylfs6DIfozBpYiH+LsjS2+6XQuQs0WwtloXGrDs3Tm3XXfeze/uGQvwqBTZdESBTJSHd0cCA1P8kA8pJRzU4LUuTsToAzvJX9gDkz+wCjSJZ33a9OzaBS5KvqgOSr6oGdSVcvUoHVJVetAKlHlV+7Ld2bQKrZTuA/VkovqgRIcp3AeTDluxoF2gyv47m9XaBooEr0cwFCBK9HMBJl5buAoQYN3UBpLOwbuPVU9XaBo4MLuA8yGwDNMaB+7UAs0BPyhP6u0C0AAyIACvQco0doFcABkQAAAAAr0HKNHaBXAAZEABXoOUaO0CuAAyIACpQk/KE/q7QKjmgfi9ncBi3N6gPHiwr+oDyaRBvSY5vV2geRHl+4DwI0tf1AYmNK9wHhRZa7paB+9LlL+P5vV2geTEk+4Dx3ya9gGUdKu9UDsWVX1QPOpEp+O831doFFZNewDt5H/AEQM5yROwByROwCjSJP8dzdm0ClyPuAcjXsAzfJAHJAKVIk1+7c3ZtApcjXsAcjXsAzfJAHJAKVIk1+7c3ZtApcjXsAcjXsAzfJAHJAKVIk1+7c3ZtApcjXsAcjXsAzfJAHJAKVIk1+7c3ZtApcjXsAcjXsAzfJAHJAKVIk1+7c3ZtApcjXsAcjXsAzfJAHJAKVIk1+7c3ZtApcjXsAcjXsAzfJAHJAKVIk1+7c3ZtApcjXsAcjXsAzfJAHJAKVIk1+7c3ZtApcjXsAcjXsAzfJAHJAKVIk1+7c3ZtApcjXsAcjXsAznJO4ByROwCjSJP8dzdm0ClyPuAcj7gM6kp/RA68l/ogVKNKL92831doFZsmvqgfsyTXsAgw5PuA8mHKdwF6gSv465PV2gaGDKdHMB50GW7gIsKB2IB5kGBd1AaKz0L8fzertA0MOHcB5DGAZhrQP0RLgLNAS5JjR2gWAAGRAAV6DlGjtArgAMiAAAa4ABIr2T6WwCQAA1wACRXsn0tgEgABrgAEevpekvpbAIypeB2OQDUPYB+D4fcBBtDCv4jS2AZ+LB7gPEiy/cBeiy1/UB4kWV7gIFelPxHN62wCG+UXsA/B8r/RA0LpLuA/NZNewCTWpNfuHN62wCXyJewDpyJfVA0nIl7AHIgJlZkvxHMn52wCZyLuQByNfVA0vI19QByNfUAmVmTX7h5nrbAJnI19QByNfUA03I19QByNfUAmVmTX7h5nrbAJnI19QByNfUA03I19QByNfUAmVmTX7h5nrbAJnI19QByNfUA03I19QByNfUAmVmTX7h5nrbAJnI19QByNfUA03I19QByNfUAmVmTX7h5nrbAJnI19QByNfUA03I19QByNfUAmVmTX7h5nrbAJnI19QByNfUA03I19QByNfUAmVmTX7h5nrbAJnI19QByNfUA03I19QByNfUAmVmTX7h5nrbAJnI19QByNfUA03I19QByNfUAmVmTX7h5nrbAJnI19QByNfVA03Il9VAOvIu5AJlYkvxHR+dsAm8iUByJfVUDTpJL6oHVJNewCdWJO5IHN62wDwGyncB+rZT+iBrWSa9gHkw5TuA8WrSvNA5vW2AeLCl0TqA8uFLr2AbaFAuu5gPLhQe4Dwq0y5Jfm9bYB4DGAfs1oGxRAO5EAlV7J9LYBIAAa4ABIr2T6WwCQAA1wAAAAASK9k+lsAkAANcAAkV7J9LYBIAAa4ABIr2T6WwCOqdaAdqpeBqlaB+bmAQrQM/J9LYBDfDvA8eJAA0USXv6gPGiS3cBCr8tdxHN62wCG+VRQPyfKdwGjdJ9wH5uk+4CRW5P8RpbAJKyfcA5GBqORAdORqBLrUm77hzetsAl8jXsA6cjXsA1HI+4ByPuAl1qT/Ec3rbAJfJO4ByTuA1HI+4ByPuAl1qT/Ec3rbAJfJO4ByTuA1HI+4ByPuAl1qT/Ec3rbAJfJO4ByTuA1HI+4ByPuAl1qT/ABHN62wCXyTuAck7gNRyPuAcj7gJdak/xHN62wCXyTuAck7gNRyPuAcj7gJdak/xHN62wCXyTuAck7gNRyPuAcj7gJdak/xHN62wCXyTuAck7gNRyPuAcj7gJdak/wARzetsAl8k7gHJO4DUcj7gHI+4CXWpP8RzetsAl8k7gHI17ANRyNfVA68jd2AS61Jr9w5vW2ATORKA5GBqOR9wHckn3ATKzJ/iOb1tgE9sn3Afq2TXsA1zJTuA/eHK9wHhViWVOT83rbAPChy93UB5MOB3AbOHBuA8hkPuAnVxn5PpbAJ7W3Ad6NA2CJeB3ASK9k+lsAkAANcAAkV7J9LYBIAAa4AAAkY+zPX3AMfZnr7gHpv2PE6XCv8ADsAYhzzU3gMQ55qbwGPsz19wDH2Z6+4B6b9jxOlwr/DsAYhzzU3gMQ55qbwGPsz19wDH2Z6+4B6b9jxOlwr/AA7AGIc81N4HatA60nNTeB0Wu35Hr7gOxa5mevuA/NzMd+x4nS4V/h2Afk6zueam8D83WezvU3gfi6rIuR6+4D8X1XM9fcB+L5fHPsuK0uFf4dgH4us0n6XqbwPydZlP0vU3gfmtS5/yPW3Adi1HM9bcB05LjhejiuK0uFf4dgHT5Mp+lam8AtmU/StTeB2YxzJf8W4BjHM9bcASVxx1cVxWlwr/AA7AOvyazvU3gPk1nepvA6YxzPW3AMY5nrbgCSuOOriuK0uFf4dgHX5NZ3qbwHyazvU3gdMY5nrbgGMcz1twBJXHHVxXFaXCv8OwDr8ms71N4D5NZ3qbwOmMcz1twDGOZ624Akrjjq4ritLhX+HYB1+TWd6m8B8ms71N4HTGOZ624BjHM9bcASVxx1cVxWlwr/DsA6/JrO9TeA+TWd6m8DpjHM9bcAxjmetuAJK446uK4rS4V/h2Adfk1nepvAfJrO9TeB0xjmetuAYxzPW3AElccdXFcVpcK/w7AOvyazvU3gPk1nepvA6YxzPW3AMY5nrbgCSuOOriuK0uFf4dgHX5NZ3qbwHyazvU3gdMY5nrbgGMcz1twBJXHHVxXFaXCv8ADsA6/JrO9TeA+TWd6m8DpjHM9bcAxjmetuAJK446uK4rS4V/h2Adfk1nepvAfJrO9TeB0xjmetuAYxzPW3AElccdXFcVpcK/w7AOvyZzpf8ABvA6pZlOuaX/AAbwGMU/Q9bcAxjmetuA70lccdXE8VpcK/w7AO9LNc35XqbwO9LM53qbwP0bU0/Q9bcB+rKon6HrbgP3ZAxz1cVxWlwr/DsA/ZlnE/S9TeB+zbPJ+l6m8D9G1pP0LX3Afs2t5nr7gP0RuOvY8TpcK/w7AO9KBnmpvA7koF+Wam8Dux9mevuAY+zPX3APTfseJ0uFf4dgDEOeam8BiHPNTeAx9mevuAY+zPX3APTfseJ0uFf4dgDEOeam8BiHPNTeAx9mevuAY+zPX3AMfZnr7gJAACvQco0doFcABkQAFeg5Ro7QK4ADIgAK9ByjR2gVwAGRVLwO1U7QKlCb+UaO0CqrbwPzWGBjnQwOxWAUqJCReUc3q7QKToCdgHYsuBkVlwO1ZfuAqUOWROUc3q7QKvJwOnJ07wMpyZOxQHJk7AKlDl0++Ob1doFbk6dgDk6dgGU5OgDk6AVaHLp98aO0CtydAHJ0AynJ0AcnQCrQ5dPvjR2gVuToA5OgGU5OgDk6AVaHLp98aO0CtydAHJ0AynJ0AcnQCrQ5dPvjR2gVuToA5OgGU5OgDk6AVaHLp98aO0CtydAHJ0AynJ0AcnQCrQ5dPvjR2gVuToA5OgGU5OgDk6AVaHLp98aO0CtydAHJ0AynJ0AcnQCrQ5dPvjR2gVuToA5OgGU5OgDk6AVaHLp98aO0CtydAHJ0AynJ07AHJ07AKtDlk++Ob1doFbkydgHXkyd4GV5P3KA5OgFehS93KOb1doFdJcDvSXQDLpAQD9EhNQCxQYd/KOb1doFtsMD9GwwMq1gHejQLNAS7lGjtAsInaB3AZEABXoOUaO0CuAAyIACvQco0doFcABkQAAAAAr0HKNHaBXAAZEABXoOUaO0CuAAyIACvQco0doFcABkQAFWhJ+UXf0doFZUvA7VaBj1aB2qwCpQof5Ro7QKiwwO1YSAZHi+4DosPuAq0KFfyjR2gVuJTsA6cSgGT4tOxQHFp2KBVoUJF5RzertAr8SnYA4lOwDJ8W3sAcW3sAq0KEi8o5vV2gV+JTsAcSnYBk+Lb2AOLb2AVaFCReUc3q7QK/Ep2AOJTsAyfFt7AHFt7AKtChIvKOb1doFfiU7AHEp2AZPi29gDi29gFWhQkXlHN6u0CvxKdgDiU7AMnxbewBxbewCrQoSLyjm9XaBX4lOwBxKdgGT4tvYA4tvYBVoUJF5RzertAr8SnYA4lOwDJ8W3sAcW3sAq0KEi8o5vV2gV+JTsAcSnYBk+Lb2AOLb2AVaFCReUc3q7QK/Ep2AOJTsAyfFt7AHFt7AKtChIvKOb1doFfiU7AHEp2AZPi29gDi29gFahQk++Lk9XaBW4ruAcUgGU4tOwBxfcBWoMNF5RzertAsJC7gO5ISAZNIYHekPuAsUCGn3xo7QLSMA7kaBlERAOqJeBYoCXco0doFgABkQAFeg5Ro7QK4ADIgAK9ByjR2gVwAGRAAANcAAkV7J9LYBIAAa4ABIr2T6WwCQAA1wACRXsn0tgEgABrgAEivZPpbAJAC5OwDW3J2ALk7AJFeRPvfmT87YBJ4KdiAdOC31U8ANdwW+qngA4LfVTwAkV5rfvfzU/O6vcBI4DfVTwAcBnqp4Aa3gM9VPABwGeqngBIrzGfe/mp+d1e4CTwGeqngA4DPVTwA1vAZ6qeADgM9VPACRXmM+9/NT87q9wEngM9VPABwGeqngBreAz1U8AHAZ6qeAEivMZ97+an53V7gJPAZ6qeADgM9VPADW8Bnqp4AOAz1U8AJFeYz7381Pzur3ASeAz1U8AHAZ6qeAGt4DPVTwAcBnqp4ASK8xn3v5qfndXuAk8Bnqp4AOAz1U8ANbwGeqngA4DPVTwAkV5jPvfzU/O6vcBJ4DPVTwAcBnqp4Aa3gM9VPABwGeqngBIrzGfe/mp+d1e4CTwGeqngA4DPVTwA1vAZ6qeADgM9VPACRXmM+9/NT87q9wEngM9VPABwGeqngBreAz1U8AHAZ6qeAEivMZ97+an53V7gJPAZ6qeADgM9VPADW8Bnqp4AOAz1U8AJFeYz7381Pzur3ASeAz1U8AHAZ6qeAGt4DPVTwAcBnqp4ASK8xn3v5qfndXuAk8Bnqp4AOAz1U8ANbwGeqngB14LfVTwAkV5rfvfzU/O6vcBI4LfVTwAcFvqp4Aa7gt9VPABcnYgEivIn3vzetsAk3J2ALk7ANbcnYB1AkV7J9LYBIAAa4ABIr2T6WwCQAA1wACRXsn0tgEgABrgAAAAAkV7J9LYBIAAa4ABIr2T6WwCQAA1wACRXsn0tgEgABrgAEivZPpbAJAADXAAJFeyfS2ASAAGuAASK9k+lsAkAANcAAkV7J9LYBIAAa4ABIr2T6WwCQAA1wACRXsn0tgEgABrgAEivZPpbAJAADXAAJFeyfS2ASAAGuAASK9k+lsAkAANcAAkV7J9LYBIAAa4ABIr2T6WwCQAA1wACRXsn0tgEgABrgAEivZPpbAJAADXAAJFeyfS2ASAAGuAASK9k+lsAkAANcAAkV7J9LYBIAAa4ABIr2T6WwCQAA1wACRXsn0tgEgABrgAEivZPpbAJAADXAAAHS5OwBcnYBJrv813X/Ho+oCR8V8QHxXxA1tydgC5OwCTXf5ruv+PR9QEj4r4gPiviBrbk7AFydgEmu/zXdf8AHo+oCR8V8QHxXxA1tydgC5OwCTXf5ruv+PR9QEj4r4gPiviBrbk7AFydgEmu/wA13X/Ho+oCR8V8QHxXxA1tydgC5OwCTXf5ruv+PR9QEj4r4gPiviBrbk7AFydgEmu/zXdf8ej6gJHxXxAfFfEDW3J2ALk7AJNd/mu6/wCPR9QEj4r4gPiviBrbk7AFydgEmu/zXdf8ej6gJHxXxAfFfEDW3J2ALk7AJNd/mu6/49H1ASPiviA+K+IGtuTsAXJ2ASa7/Nd1/wAej6gJHxXxAfFfEDW3J2ALk7AJNd/mu6/49H1ASPiviA+K+IGtuTsAXJ2ASa7/ADXdf8ej6gJHxXxAfFfEDW3J2ALk7AJNd/mu6/49H1ASPiviA+K+IGtuTsAXJ2ASa7/Nd1/x6PqAkfFfEB8V8QNbcnYAuTsAk13+a7r/AI9H1ASPiviA+K+IGtuTsAXJ2ASa7/Nd1/x6PqAkfFfEB8V8QNbcnYAuTsAk13+a7r/j0fUBI+K+ID4r4ga25OwBcnYBJrv813X/AB6PqAkfFfEB8V8QNbcnYAuTsAk13+a7r/j0fUBI+K+ID4r4ga25OwBcnYBJrv8ANd1/x6PqAkfFfEB8V8QNbcnYAuTsAk13+a7r/j0fUBI+K+ID4r4ga25OwBcnYAuTsA//2Q==');

-- ----------------------------
-- Table structure for pemeliharaan
-- ----------------------------
DROP TABLE IF EXISTS `pemeliharaan`;
CREATE TABLE `pemeliharaan`  (
  `id` int(11) NOT NULL AUTO_INCREMENT,
  `notransaksi` varchar(15) CHARACTER SET latin1 COLLATE latin1_swedish_ci NULL DEFAULT NULL,
  `tglpemeliharaan` date NULL DEFAULT NULL,
  `alatid` int(11) NULL DEFAULT NULL,
  `namavendor` varchar(255) CHARACTER SET latin1 COLLATE latin1_swedish_ci NULL DEFAULT NULL,
  `penanggungjawab` varchar(255) CHARACTER SET latin1 COLLATE latin1_swedish_ci NULL DEFAULT NULL,
  `tglselesai` date NULL DEFAULT NULL,
  `comment1` varchar(255) CHARACTER SET latin1 COLLATE latin1_swedish_ci NULL DEFAULT NULL COMMENT 'catatan keluar',
  `comment2` varchar(255) CHARACTER SET latin1 COLLATE latin1_swedish_ci NULL DEFAULT NULL COMMENT 'catatan masuk',
  `createdby` int(255) NULL DEFAULT NULL,
  `createdon` datetime NULL DEFAULT NULL,
  PRIMARY KEY (`id`) USING BTREE
) ENGINE = InnoDB AUTO_INCREMENT = 2 CHARACTER SET = latin1 COLLATE = latin1_swedish_ci ROW_FORMAT = Compact;

-- ----------------------------
-- Records of pemeliharaan
-- ----------------------------
INSERT INTO `pemeliharaan` VALUES (1, NULL, NULL, 0, NULL, NULL, NULL, NULL, NULL, 37, '2019-09-23 13:53:16');

-- ----------------------------
-- Table structure for peminjaman
-- ----------------------------
DROP TABLE IF EXISTS `peminjaman`;
CREATE TABLE `peminjaman`  (
  `id` int(11) NOT NULL AUTO_INCREMENT,
  `notransaksi` varchar(15) CHARACTER SET latin1 COLLATE latin1_swedish_ci NULL DEFAULT NULL,
  `tgltransaksi` date NULL DEFAULT NULL,
  `kodefasyankes` int(255) NOT NULL,
  `namapeminjam` varchar(50) CHARACTER SET latin1 COLLATE latin1_swedish_ci NULL DEFAULT NULL,
  `namapetugas` varchar(25) CHARACTER SET latin1 COLLATE latin1_swedish_ci NULL DEFAULT NULL,
  `tujuanpinjam` varchar(255) CHARACTER SET latin1 COLLATE latin1_swedish_ci NULL DEFAULT NULL,
  `createdby` int(255) NULL DEFAULT NULL,
  `createdon` datetime NULL DEFAULT NULL,
  `statustransaksi` int(11) NULL DEFAULT NULL COMMENT '0: open, 1: CLose',
  PRIMARY KEY (`id`) USING BTREE,
  INDEX `fk_peminjaman`(`notransaksi`) USING BTREE
) ENGINE = InnoDB AUTO_INCREMENT = 2 CHARACTER SET = latin1 COLLATE = latin1_swedish_ci ROW_FORMAT = Compact;

-- ----------------------------
-- Records of peminjaman
-- ----------------------------
INSERT INTO `peminjaman` VALUES (1, '1201980001', '2019-09-23', 1, 'Prasetyo Aji Wibowo', 'Prasetyo Aji Wibowo', 'Surakarta - Kota', 37, '2019-09-23 14:57:24', 1);

-- ----------------------------
-- Table structure for peminjamandetail
-- ----------------------------
DROP TABLE IF EXISTS `peminjamandetail`;
CREATE TABLE `peminjamandetail`  (
  `id` int(11) NOT NULL AUTO_INCREMENT,
  `headerid` varchar(15) CHARACTER SET latin1 COLLATE latin1_swedish_ci NULL DEFAULT NULL,
  `kodemesin` int(11) NULL DEFAULT NULL,
  `jumlah` int(11) NULL DEFAULT NULL,
  `createdby` int(11) NULL DEFAULT NULL,
  `createdon` datetime NULL DEFAULT NULL,
  PRIMARY KEY (`id`) USING BTREE,
  INDEX `headerid`(`headerid`) USING BTREE
) ENGINE = InnoDB AUTO_INCREMENT = 2 CHARACTER SET = latin1 COLLATE = latin1_swedish_ci ROW_FORMAT = Compact;

-- ----------------------------
-- Records of peminjamandetail
-- ----------------------------
INSERT INTO `peminjamandetail` VALUES (1, '1201980001', 3, 1, 37, '2019-09-23 14:57:24');

-- ----------------------------
-- Table structure for pengembalian
-- ----------------------------
DROP TABLE IF EXISTS `pengembalian`;
CREATE TABLE `pengembalian`  (
  `id` int(11) NOT NULL AUTO_INCREMENT,
  `notransaksi` varchar(25) CHARACTER SET latin1 COLLATE latin1_swedish_ci NULL DEFAULT NULL,
  `tgltransaksi` date NULL DEFAULT NULL,
  `nopinjam` varchar(25) CHARACTER SET latin1 COLLATE latin1_swedish_ci NULL DEFAULT NULL,
  `penerimabarang` varchar(255) CHARACTER SET latin1 COLLATE latin1_swedish_ci NULL DEFAULT NULL,
  `createdon` datetime NULL DEFAULT NULL,
  `createdby` varchar(255) CHARACTER SET latin1 COLLATE latin1_swedish_ci NULL DEFAULT NULL,
  PRIMARY KEY (`id`) USING BTREE
) ENGINE = InnoDB AUTO_INCREMENT = 2 CHARACTER SET = latin1 COLLATE = latin1_swedish_ci ROW_FORMAT = Compact;

-- ----------------------------
-- Records of pengembalian
-- ----------------------------
INSERT INTO `pengembalian` VALUES (1, '2201990001', '2019-10-31', '1201980001', 'asd', '2019-10-03 16:56:35', '37');

-- ----------------------------
-- Table structure for pengembaliandetail
-- ----------------------------
DROP TABLE IF EXISTS `pengembaliandetail`;
CREATE TABLE `pengembaliandetail`  (
  `id` int(11) NOT NULL AUTO_INCREMENT,
  `headerid` varchar(25) CHARACTER SET latin1 COLLATE latin1_swedish_ci NULL DEFAULT NULL,
  `kodealat` int(11) NULL DEFAULT NULL,
  `jumlahkembali` int(15) NULL DEFAULT NULL,
  `createdon` datetime NULL DEFAULT NULL,
  `createdby` varchar(255) CHARACTER SET latin1 COLLATE latin1_swedish_ci NULL DEFAULT NULL,
  PRIMARY KEY (`id`) USING BTREE
) ENGINE = InnoDB AUTO_INCREMENT = 2 CHARACTER SET = latin1 COLLATE = latin1_swedish_ci ROW_FORMAT = Compact;

-- ----------------------------
-- Records of pengembaliandetail
-- ----------------------------
INSERT INTO `pengembaliandetail` VALUES (1, '2201990001', 3, 1, '2019-10-03 16:56:35', '37');

-- ----------------------------
-- Table structure for permission
-- ----------------------------
DROP TABLE IF EXISTS `permission`;
CREATE TABLE `permission`  (
  `id` int(11) NOT NULL AUTO_INCREMENT,
  `permissionname` varchar(255) CHARACTER SET latin1 COLLATE latin1_swedish_ci NULL DEFAULT NULL,
  `link` varchar(255) CHARACTER SET latin1 COLLATE latin1_swedish_ci NULL DEFAULT NULL,
  `ico` varchar(255) CHARACTER SET latin1 COLLATE latin1_swedish_ci NULL DEFAULT NULL,
  `menusubmenu` varchar(255) CHARACTER SET latin1 COLLATE latin1_swedish_ci NULL DEFAULT NULL,
  `multilevel` bit(1) NULL DEFAULT NULL,
  PRIMARY KEY (`id`) USING BTREE
) ENGINE = InnoDB AUTO_INCREMENT = 16 CHARACTER SET = latin1 COLLATE = latin1_swedish_ci ROW_FORMAT = Compact;

-- ----------------------------
-- Records of permission
-- ----------------------------
INSERT INTO `permission` VALUES (1, 'Daftar Mesin', 'home/mesinlist', NULL, '5', b'1');
INSERT INTO `permission` VALUES (2, 'Transaksi', '#', 'icon-bolt', '0', b'1');
INSERT INTO `permission` VALUES (3, 'Peminjaman Alat', 'home/pinjam', NULL, '2', b'1');
INSERT INTO `permission` VALUES (4, 'Pengembalian Alat', 'home/kembali', NULL, '2', b'1');
INSERT INTO `permission` VALUES (5, 'Master', NULL, 'icon-th-list', '0', b'1');
INSERT INTO `permission` VALUES (6, 'Daftar FASYANKES', 'home/fasyankes', NULL, '5', b'1');
INSERT INTO `permission` VALUES (7, 'Pemeliharaan', 'home/pelihara', NULL, '2', b'1');
INSERT INTO `permission` VALUES (8, 'Daftar Pegawai', 'home/pegawai', NULL, '5', b'1');
INSERT INTO `permission` VALUES (9, 'Daftar Vendor', 'home/vendor', NULL, '5', b'1');
INSERT INTO `permission` VALUES (10, 'User Managerment', 'home/user', 'icon-user', '0', b'0');
INSERT INTO `permission` VALUES (11, 'Laporan', NULL, 'icon-bar-chart', '0', b'1');
INSERT INTO `permission` VALUES (12, 'Laporan Pengeluaran', 'home/lappengeluaran', NULL, '11', b'1');
INSERT INTO `permission` VALUES (13, 'Laporan Pengembalian', 'home/lappengembalian', NULL, '11', b'1');

-- ----------------------------
-- Table structure for permissionrole
-- ----------------------------
DROP TABLE IF EXISTS `permissionrole`;
CREATE TABLE `permissionrole`  (
  `roleid` int(11) NOT NULL,
  `permissionid` int(11) NOT NULL
) ENGINE = InnoDB CHARACTER SET = latin1 COLLATE = latin1_swedish_ci ROW_FORMAT = Compact;

-- ----------------------------
-- Records of permissionrole
-- ----------------------------
INSERT INTO `permissionrole` VALUES (1, 1);
INSERT INTO `permissionrole` VALUES (1, 2);
INSERT INTO `permissionrole` VALUES (1, 3);
INSERT INTO `permissionrole` VALUES (1, 4);
INSERT INTO `permissionrole` VALUES (1, 5);
INSERT INTO `permissionrole` VALUES (1, 6);
INSERT INTO `permissionrole` VALUES (1, 7);
INSERT INTO `permissionrole` VALUES (1, 8);
INSERT INTO `permissionrole` VALUES (1, 9);
INSERT INTO `permissionrole` VALUES (1, 10);
INSERT INTO `permissionrole` VALUES (2, 1);
INSERT INTO `permissionrole` VALUES (2, 2);
INSERT INTO `permissionrole` VALUES (2, 3);
INSERT INTO `permissionrole` VALUES (2, 4);
INSERT INTO `permissionrole` VALUES (2, 5);
INSERT INTO `permissionrole` VALUES (1, 11);
INSERT INTO `permissionrole` VALUES (1, 12);
INSERT INTO `permissionrole` VALUES (1, 13);
INSERT INTO `permissionrole` VALUES (2, 11);
INSERT INTO `permissionrole` VALUES (2, 12);
INSERT INTO `permissionrole` VALUES (2, 13);

-- ----------------------------
-- Table structure for roles
-- ----------------------------
DROP TABLE IF EXISTS `roles`;
CREATE TABLE `roles`  (
  `id` int(11) NOT NULL AUTO_INCREMENT,
  `rolename` varchar(255) CHARACTER SET latin1 COLLATE latin1_swedish_ci NULL DEFAULT NULL,
  PRIMARY KEY (`id`) USING BTREE
) ENGINE = InnoDB AUTO_INCREMENT = 4 CHARACTER SET = latin1 COLLATE = latin1_swedish_ci ROW_FORMAT = Compact;

-- ----------------------------
-- Records of roles
-- ----------------------------
INSERT INTO `roles` VALUES (1, 'Admin');
INSERT INTO `roles` VALUES (2, 'Petugas');
INSERT INTO `roles` VALUES (3, 'User');

-- ----------------------------
-- Table structure for userrole
-- ----------------------------
DROP TABLE IF EXISTS `userrole`;
CREATE TABLE `userrole`  (
  `userid` int(11) NOT NULL,
  `roleid` int(11) NULL DEFAULT NULL,
  PRIMARY KEY (`userid`) USING BTREE
) ENGINE = InnoDB CHARACTER SET = latin1 COLLATE = latin1_swedish_ci ROW_FORMAT = Compact;

-- ----------------------------
-- Records of userrole
-- ----------------------------
INSERT INTO `userrole` VALUES (14, 1);
INSERT INTO `userrole` VALUES (30, 3);
INSERT INTO `userrole` VALUES (37, 1);
INSERT INTO `userrole` VALUES (42, 2);

-- ----------------------------
-- Table structure for users
-- ----------------------------
DROP TABLE IF EXISTS `users`;
CREATE TABLE `users`  (
  `id` int(11) NOT NULL AUTO_INCREMENT,
  `username` varchar(75) CHARACTER SET latin1 COLLATE latin1_swedish_ci NULL DEFAULT NULL,
  `nama` varchar(75) CHARACTER SET latin1 COLLATE latin1_swedish_ci NULL DEFAULT NULL,
  `password` varchar(255) CHARACTER SET latin1 COLLATE latin1_swedish_ci NULL DEFAULT NULL,
  `createdby` varchar(255) CHARACTER SET latin1 COLLATE latin1_swedish_ci NULL DEFAULT NULL,
  `createdon` datetime NULL DEFAULT NULL,
  `HakAkses` int(255) NULL DEFAULT NULL,
  `token` varchar(255) CHARACTER SET latin1 COLLATE latin1_swedish_ci NULL DEFAULT NULL,
  `verified` bit(1) NULL DEFAULT NULL,
  `ip` varchar(255) CHARACTER SET latin1 COLLATE latin1_swedish_ci NULL DEFAULT NULL,
  `browser` varchar(255) CHARACTER SET latin1 COLLATE latin1_swedish_ci NULL DEFAULT NULL,
  `email` varchar(255) CHARACTER SET latin1 COLLATE latin1_swedish_ci NULL DEFAULT NULL,
  `phone` varchar(255) CHARACTER SET latin1 COLLATE latin1_swedish_ci NULL DEFAULT NULL,
  PRIMARY KEY (`id`) USING BTREE
) ENGINE = InnoDB AUTO_INCREMENT = 43 CHARACTER SET = latin1 COLLATE = latin1_swedish_ci ROW_FORMAT = Compact;

-- ----------------------------
-- Records of users
-- ----------------------------
INSERT INTO `users` VALUES (14, 'admin', 'admin', 'a9bdd47d7321d4089b3b00561c9c621848bd6f6e2f745a53d54913d613789c23945b66de6ded1eb336a7d526f9349a9d964d6f6c3a40e2ac90b4b16c0121f7895Xg53McbkyQ/NmW60Sf4cu3wJsi/8cyZXxeXV7g6b04=', 'mnl', NULL, 1, NULL, NULL, NULL, NULL, NULL, NULL);
INSERT INTO `users` VALUES (30, 'megalodon', NULL, 'dd42771218e347c25ff78769d7980732fee6e2f20123e7c350464c66c88fc40d387c41c870a5c3d7e3c6b80a47be40be0b661f90862f9e3ffbac08652648f7f5DwU+Oa8TIr/dx0zrpBL9CJG0HhoULbg4PgRmoBZV71Q=', 'system', '2019-06-03 14:43:19', NULL, '9dce6c8a6b82974047fef438e04035f5', b'1', '::1', 'Chrome 74.0.3729.169', 'adjia7x@gmail.com', '81325058258');
INSERT INTO `users` VALUES (37, 'adji142', NULL, 'fb6206fc17efcb92acfacb7c0776724c2fcbc5beeb8a102204d66e34da2493b0590d730b8bf4317b3ad794c1387134f5c92917237657bce6ea0ee3699f2d1dc1r5FAhDCXlNPizLsILnT+4huYlDtxN/UmRNqIrkbLwXc=', 'system', '2019-07-24 18:07:16', NULL, 'b22510fc8e1edd9a4f257d422d35f7a5', b'1', '::1', 'Chrome 75.0.3770.142', 'prasetyoajiw@gmail.com', '81325058258');
INSERT INTO `users` VALUES (42, 'user01', 'test user', '7a09601548670e31f924e907b4d21e30046a2e6953e8b1e1f88eddd264909904cb978b6fe2462a0e81479e55a76eed9b24d5871a2d59e0bad93d4db8cf8e8493/zINiN4x7EASjauao0QasqW5EjveFBw6NwOIOMu4KUM=', NULL, NULL, NULL, NULL, NULL, NULL, NULL, 'prasetyoajiw@gmail.com', NULL);

SET FOREIGN_KEY_CHECKS = 1;
